key,ja,en,zh,time_minutes,display_seconds,notes,
,"ネコルポス　オープンベータテストへようこそ！
",,,,,,
,"2027/2/22公開予定のコミュニケーションゲーム、「ネコルポス」の会話システム部分のテストバージョンです。このテストバージョンで出来ることは、ひたすら話すことです。
眼の前の大きな猫に向かって、色々話しかけてみましょう。知っている範囲でお返事をしてくれます。",,,,,,
,世界観について,,,,,,
,"色々あってあなたの愛猫は妖怪「猫又」になり、あなたの身長を縮めてしまいました。敵意は無いようですが……。
どうやら猫又は覚えたての言葉でたくさんおしゃべりがしたい様子です。
せっかくなので、色んな事を聞いてみるといいですよ。",,,,,,
,学習データについて,,,,,,
,"皆様との会話データで、猫又はどんどん賢くなります！
ぜひご協力をお願い致します。
※下のボタンを押すことで、会話データをサーバーに送付します。送られた会話データは会話学習にのみ利用致します。
※全ての会話を実装できる訳ではありません！
※最も話しかけられた言葉ランキング　などの形式で、個人を特定できない形式で公開することもあります。",,,,,,
,"データ収集へのご協力ありがとうございます！
よければアンケートにもご協力ください！",,,,,,
,ネコルポスについて,,,,,,
,"2027年2月22日公開予定の、立場逆転コミュニケーションゲームです。このテストバージョンのような会話から始まり、さまざまなイベントを通じて猫又との関係性を深めていきます。
最新の情報をキャット……キャッチするために、ウィッシュリストへの登録を是非お願い致します！",,,,,,
,,,,,,,
