"id","input","regex_jp","regex_zh","regex_en","output_ja","output_zh","output_en","alt","regex_id","pattern","order","response_type","action_id","condition","SpeechControl","emotion_change_type","emotion_change_value","WaitTime","HideUI","Animation","Priority","call_only","choice_yes_pattern","choice_no_pattern","sequence_progress_hold","RepeatCount","question_ja","question_en","question_cn","choice_yes_ja","choice_yes_en","choice_yes_cn","choice_no_ja","choice_no_en","choice_no_cn","yes_next_pattern","no_next_pattern","random_repeat_limit","timed_event_key","target_pattern","context","psychology_state","group","notes"
"PRD_DAILY_FEELING_NORMAL_001","FEELING","","","","今の気持ち？いつも通りって感じかな！{{PLAYER_CALLING}}はどう？","","","","PRD_DAILY_FEELING_NORMAL_001","1","1","Reaction","","PsychologyState == ""NORMAL""","","","","","","","","","","","","","","","","","","","","","","","","","","","FEELING","NORMAL","DAILY","原稿から整理; 文章改変なし"
"PRD_DAILY_FEELING_HOSTILITY_001","FEELING","","","","今の気持ち？……ちょっとイライラでモヤモヤかな……。","","","","PRD_DAILY_FEELING_HOSTILITY_001","1","1","Reaction","","PsychologyState == ""HOSTILITY""","","","","","","","","","","","","","","","","","","","","","","","","","","","FEELING","HOSTILITY","DAILY","原稿から整理; 文章改変なし"
"PRD_DAILY_FEELING_HOSTILITY_001","FEELING","","","","{{CAT_PRONOUN}}、{{PLAYER_CALLING}}とケンカなんてしたくないのに。","","","","PRD_DAILY_FEELING_HOSTILITY_001","2","1","Reaction","","PsychologyState == ""HOSTILITY""","","","","","","","","","","","","","","","","","","","","","","","","","","","FEELING","HOSTILITY","DAILY","原稿から整理; 文章改変なし"
"PRD_DAILY_FEELING_SADISTIC_001","FEELING","","","","今の気持ち？{{PLAYER_CALLING}}をいじめてあげたいな！","","","","PRD_DAILY_FEELING_SADISTIC_001","1","1","Reaction","","PsychologyState == ""SADISTIC""","","","","","","","","","","","","","","","","","","","","","","","","","","","FEELING","SADISTIC","DAILY","原稿から整理; 文章改変なし"
"PRD_DAILY_FEELING_SADISTIC_001","FEELING","","","","{{PLAYER_CALLING}}も喜ぶし、{{CAT_PRONOUN}}もなんかちょっとだけ楽しいんだ！","","","","PRD_DAILY_FEELING_SADISTIC_001","2","1","Reaction","","PsychologyState == ""SADISTIC""","","","","","","","","","","","","","","","","","","","","","","","","","","","FEELING","SADISTIC","DAILY","原稿から整理; 文章改変なし"
"PRD_DAILY_FEELING_CONCERN_001","FEELING","","","","今の気持ち？{{PLAYER_CALLING}}のことがとにかく心配でたまらない！","","","","PRD_DAILY_FEELING_CONCERN_001","1","1","Reaction","","PsychologyState == ""CONCERN""","","","","","","","","","","","","","","","","","","","","","","","","","","","FEELING","CONCERN","DAILY","原稿から整理; 文章改変なし"
"PRD_DAILY_FEELING_CONCERN_001","FEELING","","","","勝手にどこか行ったりしないでね……？","","","","PRD_DAILY_FEELING_CONCERN_001","2","1","Reaction","","PsychologyState == ""CONCERN""","","","","","","","","","","","","","","","","","","","","","","","","","","","FEELING","CONCERN","DAILY","原稿から整理; 文章改変なし"
"PRD_DAILY_FEELING_AFFECTION_001","FEELING","","","","今の気持ち？{{PLAYER_CALLING}}のことが愛おしくてたまらない気持ちかな。","","","","PRD_DAILY_FEELING_AFFECTION_001","1","1","Reaction","","PsychologyState == ""AFFECTION""","","","","","","","","","","","","","","","","","","","","","","","","","","","FEELING","AFFECTION","DAILY","原稿から整理; 文章改変なし"
"PRD_DAILY_FEELING_AFFECTION_001","FEELING","","","","ずっと触れ合っていたいな！","","","","PRD_DAILY_FEELING_AFFECTION_001","2","1","Reaction","","PsychologyState == ""AFFECTION""","","","","","","","","","","","","","","","","","","","","","","","","","","","FEELING","AFFECTION","DAILY","原稿から整理; 文章改変なし"
"PRD_DAILY_FEELING_INSTINCT_001","FEELING","","","","今の気持ち？……すごく、野性的な気持ちって感じ！","","","","PRD_DAILY_FEELING_INSTINCT_001","1","1","Reaction","","PsychologyState == ""INSTINCT""","","","","","","","","","","","","","","","","","","","","","","","","","","","FEELING","INSTINCT","DAILY","原稿から整理; 文章改変なし"
"PRD_DAILY_FEELING_INSTINCT_001","FEELING","","","","本当は、{{PLAYER_CALLING}}の指示を無視して、好きに遊びたい！","","","","PRD_DAILY_FEELING_INSTINCT_001","2","1","Reaction","","PsychologyState == ""INSTINCT""","","","","","","","","","","","","","","","","","","","","","","","","","","","FEELING","INSTINCT","DAILY","原稿から整理; 文章改変なし"
"PRD_DAILY_FEELING_OBEDIENCE_001","FEELING","","","","今の気持ち？{{PLAYER_CALLING}}に尽くしたいかな。","","","","PRD_DAILY_FEELING_OBEDIENCE_001","1","1","Reaction","","PsychologyState == ""OBEDIENCE""","","","","","","","","","","","","","","","","","","","","","","","","","","","FEELING","OBEDIENCE","DAILY","原稿から整理; 文章改変なし"
"PRD_DAILY_FEELING_OBEDIENCE_001","FEELING","","","","今も、{{PLAYER_CALLING}}の命令まだかなーって思ってるよ！","","","","PRD_DAILY_FEELING_OBEDIENCE_001","2","1","Reaction","","PsychologyState == ""OBEDIENCE""","","","","","","","","","","","","","","","","","","","","","","","","","","","FEELING","OBEDIENCE","DAILY","原稿から整理; 文章改変なし"
"PRD_DAILY_FEELING_HOSTILITY_SADISTIC_001","FEELING","","","","今の気持ち？……そんなこと聞いてどうするの？","","","","PRD_DAILY_FEELING_HOSTILITY_SADISTIC_001","1","1","Reaction","","PsychologyState == ""HOSTILITY_SADISTIC""","","","","","","","","","","","","","","","","","","","","","","","","","","","FEELING","HOSTILITY_SADISTIC","DAILY","原稿から整理; 文章改変なし"
"PRD_DAILY_FEELING_HOSTILITY_SADISTIC_001","FEELING","","","","{{PLAYER_CALLING}}の分際で、{{CAT_PRONOUN}}の機嫌を伺おうとしてるの？","","","","PRD_DAILY_FEELING_HOSTILITY_SADISTIC_001","2","1","Reaction","","PsychologyState == ""HOSTILITY_SADISTIC""","","","","","","","","","","","","","","","","","","","","","","","","","","","FEELING","HOSTILITY_SADISTIC","DAILY","原稿から整理; 文章改変なし"
"PRD_DAILY_FEELING_HOSTILITY_CONCERN_001","FEELING","","","","今の気持ち？{{PLAYER_CALLING}}と仲直りしたいっていうか……","","","","PRD_DAILY_FEELING_HOSTILITY_CONCERN_001","1","1","Reaction","","PsychologyState == ""CONCERN_HOSTILITY""","","","","","","","","","","","","","","","","","","","","","","","","","","","FEELING","HOSTILITY_CONCERN","DAILY","原稿から整理; 文章改変なし"
"PRD_DAILY_FEELING_HOSTILITY_CONCERN_001","FEELING","","","","どうして怒らせちゃったんだろって思ってる……。{{CAT_PRONOUN}}に悪いところがあったのかな？","","","","PRD_DAILY_FEELING_HOSTILITY_CONCERN_001","2","1","Reaction","","PsychologyState == ""CONCERN_HOSTILITY""","","","","","","","","","","","","","","","","","","","","","","","","","","","FEELING","HOSTILITY_CONCERN","DAILY","原稿から整理; 文章改変なし"
"PRD_DAILY_FEELING_HOSTILITY_AFFECTION_001","FEELING","","","","今の気持ち？どうしたら{{PLAYER_CALLING}}がもーっと好きになってくれるかなって思ってるよ！","","","","PRD_DAILY_FEELING_HOSTILITY_AFFECTION_001","1","1","Reaction","","PsychologyState == ""AFFECTION_HOSTILITY""","","","","","","","","","","","","","","","","","","","","","","","","","","","FEELING","HOSTILITY_AFFECTION","DAILY","原稿から整理; 文章改変なし"
"PRD_DAILY_FEELING_HOSTILITY_AFFECTION_001","FEELING","","","","好きだから意地悪するんだよね？そういうのも受け入れてあげるからね。","","","","PRD_DAILY_FEELING_HOSTILITY_AFFECTION_001","2","1","Reaction","","PsychologyState == ""AFFECTION_HOSTILITY""","","","","","","","","","","","","","","","","","","","","","","","","","","","FEELING","HOSTILITY_AFFECTION","DAILY","原稿から整理; 文章改変なし"
"PRD_DAILY_FEELING_HOSTILITY_INSTINCT_001","FEELING","","","","今の気持ち？うーん、{{PLAYER_CALLING}}をどう教育してあげようかなって思ってるかな。","","","","PRD_DAILY_FEELING_HOSTILITY_INSTINCT_001","1","1","Reaction","","PsychologyState == ""HOSTILITY_INSTINCT""","","","","","","","","","","","","","","","","","","","","","","","","","","","FEELING","HOSTILITY_INSTINCT","DAILY","原稿から整理; 文章改変なし"
"PRD_DAILY_FEELING_HOSTILITY_INSTINCT_001","FEELING","","","","力関係ってやつを、{{PLAYER_CALLING}}にもしっかり分かってもらわないといけないからね。","","","","PRD_DAILY_FEELING_HOSTILITY_INSTINCT_001","2","1","Reaction","","PsychologyState == ""HOSTILITY_INSTINCT""","","","","","","","","","","","","","","","","","","","","","","","","","","","FEELING","HOSTILITY_INSTINCT","DAILY","原稿から整理; 文章改変なし"
"PRD_DAILY_FEELING_AFFECTION_CONCERN_001","FEELING","","","","今の気持ち？{{PLAYER_CALLING}}のことを絶対守らなきゃって感じ。","","","","PRD_DAILY_FEELING_AFFECTION_CONCERN_001","1","1","Reaction","","PsychologyState == ""AFFECTION_CONCERN""","","","","","","","","","","","","","","","","","","","","","","","","","","","FEELING","AFFECTION_CONCERN","DAILY","原稿から整理; 文章改変なし"
"PRD_DAILY_FEELING_AFFECTION_CONCERN_001","FEELING","","","","勝手にどこか行ったりしないでね？絶対に目の届く所にいてね？","","","","PRD_DAILY_FEELING_AFFECTION_CONCERN_001","2","1","Reaction","","PsychologyState == ""AFFECTION_CONCERN""","","","","","","","","","","","","","","","","","","","","","","","","","","","FEELING","AFFECTION_CONCERN","DAILY","原稿から整理; 文章改変なし"
"PRD_DAILY_FEELING_AFFECTION_SADISTIC_001","FEELING","","","","今の気持ち？ちっちゃな{{PLAYER_CALLING}}にそんなこと聞いてもらえるなんて嬉しい！","","","","PRD_DAILY_FEELING_AFFECTION_SADISTIC_001","1","1","Reaction","","PsychologyState == ""AFFECTION_SADISTIC""","","","","","","","","","","","","","","","","","","","","","","","","","","","FEELING","AFFECTION_SADISTIC","DAILY","原稿から整理; 文章改変なし"
"PRD_DAILY_FEELING_AFFECTION_SADISTIC_001","FEELING","","","","たーくさん可愛がってあげたい気持ちかな！いじめてあげるからね！","","","","PRD_DAILY_FEELING_AFFECTION_SADISTIC_001","2","1","Reaction","","PsychologyState == ""AFFECTION_SADISTIC""","","","","","","","","","","","","","","","","","","","","","","","","","","","FEELING","AFFECTION_SADISTIC","DAILY","原稿から整理; 文章改変なし"
"PRD_DAILY_FEELING_AFFECTION_OBEDIENCE_001","FEELING","","","","今の気持ち？今は{{PLAYER_CALLING}}が近くにいるし、話しかけてくれるから安心かな。","","","","PRD_DAILY_FEELING_AFFECTION_OBEDIENCE_001","1","1","Reaction","","PsychologyState == ""AFFECTION_OBEDIENCE""","","","","","","","","","","","","","","","","","","","","","","","","","","","FEELING","AFFECTION_OBEDIENCE","DAILY","原稿から整理; 文章改変なし"
"PRD_DAILY_FEELING_AFFECTION_OBEDIENCE_001","FEELING","","","","……放っておいたりしないよね？急にすごく不安になる……かも。","","","","PRD_DAILY_FEELING_AFFECTION_OBEDIENCE_001","2","1","Reaction","","PsychologyState == ""AFFECTION_OBEDIENCE""","","","","","","","","","","","","","","","","","","","","","","","","","","","FEELING","AFFECTION_OBEDIENCE","DAILY","原稿から整理; 文章改変なし"
"PRD_DAILY_FEELING_AFFECTION_INSTINCT_001","FEELING","","","","今の気持ち？{{PLAYER_CALLING}}のことがとーっても大好き！いつもよりもっと大好き！","","","","PRD_DAILY_FEELING_AFFECTION_INSTINCT_001","1","1","Reaction","","PsychologyState == ""AFFECTION_INSTINCT""","","","","","","","","","","","","","","","","","","","","","","","","","","","FEELING","AFFECTION_INSTINCT","DAILY","原稿から整理; 文章改変なし"
"PRD_DAILY_FEELING_AFFECTION_INSTINCT_001","FEELING","","","","この溢れる大好きって気持ちを、ひとつ残らず{{PLAYER_CALLING}}に受け取ってほしいな！","","","","PRD_DAILY_FEELING_AFFECTION_INSTINCT_001","2","1","Reaction","","PsychologyState == ""AFFECTION_INSTINCT""","","","","","","","","","","","","","","","","","","","","","","","","","","","FEELING","AFFECTION_INSTINCT","DAILY","原稿から整理; 文章改変なし"
"PRD_DAILY_FEELING_CONCERN_SADISTIC_001","FEELING","","","","今の気持ち？そんなこと、{{PLAYER_CALLING}}は気にしなくて良いんだよ。","","","","PRD_DAILY_FEELING_CONCERN_SADISTIC_001","1","1","Reaction","","PsychologyState == ""CONCERN_SADISTIC""","","","","","","","","","","","","","","","","","","","","","","","","","","","FEELING","CONCERN_SADISTIC","DAILY","原稿から整理; 文章改変なし"
"PRD_DAILY_FEELING_CONCERN_SADISTIC_001","FEELING","","","","気持ちとかじゃなくて、今日も生きていくことだけ考えてなよ。なんの役にも立たないんだし。","","","","PRD_DAILY_FEELING_CONCERN_SADISTIC_001","2","1","Reaction","","PsychologyState == ""CONCERN_SADISTIC""","","","","","","","","","","","","","","","","","","","","","","","","","","","FEELING","CONCERN_SADISTIC","DAILY","原稿から整理; 文章改変なし"
"PRD_DAILY_FEELING_CONCERN_OBEDIENCE_001","FEELING","","","","今の気持ち？{{PLAYER_CALLING}}の命令は聞きたいけど、危ないことが多くて心配な感じ……。","","","","PRD_DAILY_FEELING_CONCERN_OBEDIENCE_001","1","1","Reaction","","PsychologyState == ""CONCERN_OBEDIENCE""","","","","","","","","","","","","","","","","","","","","","","","","","","","FEELING","CONCERN_OBEDIENCE","DAILY","原稿から整理; 文章改変なし"
"PRD_DAILY_FEELING_CONCERN_OBEDIENCE_001","FEELING","","","","何か、{{PLAYER_CALLING}}が安全なこと命令してくれないかな？そうしたら安心なんだけど……。","","","","PRD_DAILY_FEELING_CONCERN_OBEDIENCE_001","2","1","Reaction","","PsychologyState == ""CONCERN_OBEDIENCE""","","","","","","","","","","","","","","","","","","","","","","","","","","","FEELING","CONCERN_OBEDIENCE","DAILY","原稿から整理; 文章改変なし"
"PRD_DAILY_FEELING_CONCERN_INSTINCT_001","FEELING","","","","今の気持ち？実は、{{PLAYER_CALLING}}のことがどうしても危なっかしい子猫にしか見えなくて","","","","PRD_DAILY_FEELING_CONCERN_INSTINCT_001","1","1","Reaction","","PsychologyState == ""CONCERN_INSTINCT""","","","","","","","","","","","","","","","","","","","","","","","","","","","FEELING","CONCERN_INSTINCT","DAILY","原稿から整理; 文章改変なし"
"PRD_DAILY_FEELING_CONCERN_INSTINCT_001","FEELING","","","","{{CAT_PRONOUN}}が面倒を見てあげなきゃ！って感じ。","","","","PRD_DAILY_FEELING_CONCERN_INSTINCT_001","2","1","Reaction","","PsychologyState == ""CONCERN_INSTINCT""","","","","","","","","","","","","","","","","","","","","","","","","","","","FEELING","CONCERN_INSTINCT","DAILY","原稿から整理; 文章改変なし"
"PRD_DAILY_FEELING_SADISTIC_OBEDIENCE_001","FEELING","","","","今の気持ち？うーん、よく分からない……。{{PLAYER_CALLING}}のことをいじめたいのに、{{PLAYER_CALLING}}から命令されるのも気持ちいい……。どっちも楽しい！","","","","PRD_DAILY_FEELING_SADISTIC_OBEDIENCE_001","1","1","Reaction","","PsychologyState == ""OBEDIENCE_SADISTIC""","","","","","","","","","","","","","","","","","","","","","","","","","","","FEELING","SADISTIC_OBEDIENCE","DAILY","原稿から整理; 文章改変なし"
"PRD_DAILY_FEELING_SADISTIC_INSTINCT_001","FEELING","","","","今の気持ち？今すぐ{{PLAYER_CALLING}}で遊びたい。かな。","","","","PRD_DAILY_FEELING_SADISTIC_INSTINCT_001","1","1","Reaction","","PsychologyState == ""INSTINCT_SADISTIC""","","","","","","","","","","","","","","","","","","","","","","","","","","","FEELING","SADISTIC_INSTINCT","DAILY","原稿から整理; 文章改変なし"
"PRD_DAILY_FEELING_SADISTIC_INSTINCT_001","FEELING","","","","{{PLAYER_CALLING}}が苦しそうな声を出したりすると、すっごく興奮する！","","","","PRD_DAILY_FEELING_SADISTIC_INSTINCT_001","2","1","Reaction","","PsychologyState == ""INSTINCT_SADISTIC""","","","","","","","","","","","","","","","","","","","","","","","","","","","FEELING","SADISTIC_INSTINCT","DAILY","原稿から整理; 文章改変なし"
"PRD_DAILY_FEELING_OBEDIENCE_INSTINCT_001","FEELING","","","","今の気持ち？{{PLAYER_CALLING}}に尽くしたい！{{PLAYER_CALLING}}の役に立ちたい！","","","","PRD_DAILY_FEELING_OBEDIENCE_INSTINCT_001","1","1","Reaction","","PsychologyState == ""INSTINCT_OBEDIENCE""","","","","","","","","","","","","","","","","","","","","","","","","","","","FEELING","OBEDIENCE_INSTINCT","DAILY","原稿から整理; 文章改変なし"
"PRD_DAILY_FEELING_OBEDIENCE_INSTINCT_001","FEELING","","","","{{PLAYER_CALLING}}が喜ぶのが、{{CAT_PRONOUN}}の一番の喜びです！","","","","PRD_DAILY_FEELING_OBEDIENCE_INSTINCT_001","2","1","Reaction","","PsychologyState == ""INSTINCT_OBEDIENCE""","","","","","","","","","","","","","","","","","","","","","","","","","","","FEELING","OBEDIENCE_INSTINCT","DAILY","原稿から整理; 文章改変なし"
"PRD_DAILY_MORNING_HOSTILITY_001","MORNING","","","","朝だよ。……まだ怒ってる？敵は居ないよ？","","","","PRD_DAILY_MORNING_HOSTILITY_001","1","1","Reaction","","PsychologyState == ""HOSTILITY""","","","","","","","","","","","","","","","","","","","","","","","","","","","MORNING","HOSTILITY","DAILY","原稿から整理; 文章改変なし"
"PRD_DAILY_MORNING_SADISTIC_001","MORNING","","","","朝だよ。ほら、早く起きろ！いつまで寝てるつもり？","","","","PRD_DAILY_MORNING_SADISTIC_001","1","1","Reaction","","PsychologyState == ""SADISTIC""","","","","","","","","","","","","","","","","","","","","","","","","","","","MORNING","SADISTIC","DAILY","原稿から整理; 文章改変なし"
"PRD_DAILY_MORNING_CONCERN_001","MORNING","","","","朝だよ。今日もここで目を覚ませてよかった。危険なことはしないでね？","","","","PRD_DAILY_MORNING_CONCERN_001","1","1","Reaction","","PsychologyState == ""CONCERN""","","","","","","","","","","","","","","","","","","","","","","","","","","","MORNING","CONCERN","DAILY","原稿から整理; 文章改変なし"
"PRD_DAILY_MORNING_AFFECTION_001","MORNING","","","","おはよう！今日も一緒に過ごそうね！","","","","PRD_DAILY_MORNING_AFFECTION_001","1","1","Reaction","","PsychologyState == ""AFFECTION""","","","","","","","","","","","","","","","","","","","","","","","","","","","MORNING","AFFECTION","DAILY","原稿から整理; 文章改変なし"
"PRD_DAILY_MORNING_INSTINCT_001","MORNING","","","","おはよう。ネズミちゃん？じょ、じょうだんだよ！","","","","PRD_DAILY_MORNING_INSTINCT_001","1","1","Reaction","","PsychologyState == ""INSTINCT""","","","","","","","","","","","","","","","","","","","","","","","","","","","MORNING","INSTINCT","DAILY","原稿から整理; 文章改変なし"
"PRD_DAILY_MORNING_INSTINCT_001","MORNING","","","","……じょうだん。今日はどうする？","","","","PRD_DAILY_MORNING_INSTINCT_001","2","1","Reaction","","PsychologyState == ""INSTINCT""","","","","","","","","","","","","","","","","","","","","","","","","","","","MORNING","INSTINCT","DAILY","原稿から整理; 文章改変なし"
"PRD_DAILY_MORNING_OBEDIENCE_001","MORNING","","","","おはようございます。今日は何がしたい？なんなりと！","","","","PRD_DAILY_MORNING_OBEDIENCE_001","1","1","Reaction","","PsychologyState == ""OBEDIENCE""","","","","","","","","","","","","","","","","","","","","","","","","","","","MORNING","OBEDIENCE","DAILY","原稿から整理; 文章改変なし"
"PRD_DAILY_DAY_HOSTILITY_001","DAY","","","","お昼だね。……食事くらい警戒せずに食べたら？","","","","PRD_DAILY_DAY_HOSTILITY_001","1","1","Reaction","","PsychologyState == ""HOSTILITY""","","","","","","","","","","","","","","","","","","","","","","","","","","","DAY","HOSTILITY","DAILY","原稿から整理; 文章改変なし"
"PRD_DAILY_DAY_SADISTIC_001","DAY","","","","お昼だよ。……一丁前に食事を要求するの？","","","","PRD_DAILY_DAY_SADISTIC_001","1","1","Reaction","","PsychologyState == ""SADISTIC""","","","","","","","","","","","","","","","","","","","","","","","","","","","DAY","SADISTIC","DAILY","原稿から整理; 文章改変なし"
"PRD_DAILY_DAY_CONCERN_001","DAY","","","","{{PLAYER_CALLING}}！お腹空いてない？食べたいものある？","","","","PRD_DAILY_DAY_CONCERN_001","1","1","Reaction","","PsychologyState == ""CONCERN""","","","","","","","","","","","","","","","","","","","","","","","","","","","DAY","CONCERN","DAILY","原稿から整理; 文章改変なし"
"PRD_DAILY_DAY_AFFECTION_001","DAY","","","","お昼だよ。{{PLAYER_CALLING}}、お昼を一緒に食べない？","","","","PRD_DAILY_DAY_AFFECTION_001","1","1","Reaction","","PsychologyState == ""AFFECTION""","","","","","","","","","","","","","","","","","","","","","","","","","","","DAY","AFFECTION","DAILY","原稿から整理; 文章改変なし"
"PRD_DAILY_DAY_INSTINCT_001","DAY","","","","お昼……じゅる……。ご、ごめん！ご飯食べようね！","","","","PRD_DAILY_DAY_INSTINCT_001","1","1","Reaction","","PsychologyState == ""INSTINCT""","","","","","","","","","","","","","","","","","","","","","","","","","","","DAY","INSTINCT","DAILY","原稿から整理; 文章改変なし"
"PRD_DAILY_DAY_OBEDIENCE_001","DAY","","","","お昼だね。{{PLAYER_CALLING}}はどうする？{{CAT_PRONOUN}}に手伝わせてね！","","","","PRD_DAILY_DAY_OBEDIENCE_001","1","1","Reaction","","PsychologyState == ""OBEDIENCE""","","","","","","","","","","","","","","","","","","","","","","","","","","","DAY","OBEDIENCE","DAILY","原稿から整理; 文章改変なし"
"PRD_DAILY_EVENING_HOSTILITY_001","EVENING","","","","夕方だね。ねぇ、まだ怒ってるの？","","","","PRD_DAILY_EVENING_HOSTILITY_001","1","1","Reaction","","PsychologyState == ""HOSTILITY""","","","","","","","","","","","","","","","","","","","","","","","","","","","EVENING","HOSTILITY","DAILY","原稿から整理; 文章改変なし"
"PRD_DAILY_EVENING_SADISTIC_001","EVENING","","","","夕方だね。さあ、{{CAT_PRONOUN}}を楽しませて？","","","","PRD_DAILY_EVENING_SADISTIC_001","1","1","Reaction","","PsychologyState == ""SADISTIC""","","","","","","","","","","","","","","","","","","","","","","","","","","","EVENING","SADISTIC","DAILY","原稿から整理; 文章改変なし"
"PRD_DAILY_EVENING_CONCERN_001","EVENING","","","","夕方だね。やりたいことはある？できれば安全なことがいいな……。","","","","PRD_DAILY_EVENING_CONCERN_001","1","1","Reaction","","PsychologyState == ""CONCERN""","","","","","","","","","","","","","","","","","","","","","","","","","","","EVENING","CONCERN","DAILY","原稿から整理; 文章改変なし"
"PRD_DAILY_EVENING_AFFECTION_001","EVENING","","","","夕方だね。一緒にやりたいことはある？","","","","PRD_DAILY_EVENING_AFFECTION_001","1","1","Reaction","","PsychologyState == ""AFFECTION""","","","","","","","","","","","","","","","","","","","","","","","","","","","EVENING","AFFECTION","DAILY","原稿から整理; 文章改変なし"
"PRD_DAILY_EVENING_INSTINCT_001","EVENING","","","","夕方だね。{{PLAYER_CALLING}}。{{CAT_PRONOUN}}のやりたいこと、分かる？","","","","PRD_DAILY_EVENING_INSTINCT_001","1","1","Reaction","","PsychologyState == ""INSTINCT""","","","","","","","","","","","","","","","","","","","","","","","","","","","EVENING","INSTINCT","DAILY","原稿から整理; 文章改変なし"
"PRD_DAILY_EVENING_OBEDIENCE_001","EVENING","","","","夕方だね。{{PLAYER_CALLING}}、次はなにがしたいのかな？","","","","PRD_DAILY_EVENING_OBEDIENCE_001","1","1","Reaction","","PsychologyState == ""OBEDIENCE""","","","","","","","","","","","","","","","","","","","","","","","","","","","EVENING","OBEDIENCE","DAILY","原稿から整理; 文章改変なし"
"PRD_DAILY_DIARY_REACTION_NORMAL_001","DIARY_REACTION","","","","日記書くの？今日の思い出を聞かせてね。","","","","PRD_DAILY_DIARY_REACTION_NORMAL_001","1","1","Reaction","","PsychologyState == ""NORMAL""","","","","","","","","","","","","","","","","","","","","","","","","","","","DIARY_REACTION","NORMAL","DAILY","原稿から整理; 文章改変なし"
"PRD_DAILY_DIARY_REACTION_HOSTILITY_001","DIARY_REACTION","","","","日記書くの？……あまり嫌なことは書かないでよ？","","","","PRD_DAILY_DIARY_REACTION_HOSTILITY_001","1","1","Reaction","","PsychologyState == ""HOSTILITY""","","","","","","","","","","","","","","","","","","","","","","","","","","","DIARY_REACTION","HOSTILITY","DAILY","原稿から整理; 文章改変なし"
"PRD_DAILY_DIARY_REACTION_SADISTIC_001","DIARY_REACTION","","","","日記書くの？そんなちっちゃい頭じゃ覚えていられないもんねぇ？","","","","PRD_DAILY_DIARY_REACTION_SADISTIC_001","1","1","Reaction","","PsychologyState == ""SADISTIC""","","","","","","","","","","","","","","","","","","","","","","","","","","","DIARY_REACTION","SADISTIC","DAILY","原稿から整理; 文章改変なし"
"PRD_DAILY_DIARY_REACTION_CONCERN_001","DIARY_REACTION","","","","日記書くの？テーブルから落ちたりしないでね？","","","","PRD_DAILY_DIARY_REACTION_CONCERN_001","1","1","Reaction","","PsychologyState == ""CONCERN""","","","","","","","","","","","","","","","","","","","","","","","","","","","DIARY_REACTION","CONCERN","DAILY","原稿から整理; 文章改変なし"
"PRD_DAILY_DIARY_REACTION_AFFECTION_001","DIARY_REACTION","","","","日記書くの？{{CAT_PRONOUN}}と{{PLAYER_CALLING}}だけの記録、しっかり残してね？","","","","PRD_DAILY_DIARY_REACTION_AFFECTION_001","1","1","Reaction","","PsychologyState == ""AFFECTION""","","","","","","","","","","","","","","","","","","","","","","","","","","","DIARY_REACTION","AFFECTION","DAILY","原稿から整理; 文章改変なし"
"PRD_DAILY_DIARY_REACTION_INSTINCT_001","DIARY_REACTION","","","","日記書くの？あ、あまり恥ずかしいことは書かないでね？","","","","PRD_DAILY_DIARY_REACTION_INSTINCT_001","1","1","Reaction","","PsychologyState == ""INSTINCT""","","","","","","","","","","","","","","","","","","","","","","","","","","","DIARY_REACTION","INSTINCT","DAILY","原稿から整理; 文章改変なし"
"PRD_DAILY_DIARY_REACTION_OBEDIENCE_001","DIARY_REACTION","","","","日記書くの？{{CAT_PRONOUN}}のもてなしが上手く出来てたか記録しておいて！","","","","PRD_DAILY_DIARY_REACTION_OBEDIENCE_001","1","1","Reaction","","PsychologyState == ""OBEDIENCE""","","","","","","","","","","","","","","","","","","","","","","","","","","","DIARY_REACTION","OBEDIENCE","DAILY","原稿から整理; 文章改変なし"
"PRD_DAILY_DIARY_REACTION_HOSTILITY_001_047","DIARY_REACTION","","","","{{PLAYER_CALLING}}、確認なんだけどさ。","","","","PRD_DAILY_DIARY_REACTION_HOSTILITY_001_047","1","1","Reaction","","PsychologyState == ""HOSTILITY""","","","","","","","","","","","","","","","","","","","","","","","","","","","DIARY_REACTION","HOSTILITY","DAILY","原稿から整理; 文章改変なし"
"PRD_DAILY_DIARY_REACTION_HOSTILITY_001_047","DIARY_REACTION","","","","何回も何回も喧嘩したがってるけど、しつこく言ったら戦えると思ってる？","","","","PRD_DAILY_DIARY_REACTION_HOSTILITY_001_047","2","1","Reaction","","PsychologyState == ""HOSTILITY""","","","","","","","","","","","","","","","","","","","","","","","","","","","DIARY_REACTION","HOSTILITY","DAILY","原稿から整理; 文章改変なし"
"PRD_DAILY_DIARY_REACTION_HOSTILITY_001_047","DIARY_REACTION","","","","{{CAT_PRONOUN}}と本気で戦いたいと思ってるんだよね？","","","","PRD_DAILY_DIARY_REACTION_HOSTILITY_001_047","3","1","Reaction","","PsychologyState == ""HOSTILITY""","","","","","","","","","","","","","","","","","","","","","","","","","","","DIARY_REACTION","HOSTILITY","DAILY","原稿から整理; 文章改変なし"
"PRD_DAILY_DIARY_REACTION_HOSTILITY_001_047","DIARY_REACTION","","","","何度も言ったけど、{{CAT_PRONOUN}}は{{PLAYER_CALLING}}を守るために{{CAT_NAME}}になったの。","","","","PRD_DAILY_DIARY_REACTION_HOSTILITY_001_047","4","1","Reaction","","PsychologyState == ""HOSTILITY""","","","","","","","","","","","","","","","","","","","","","","","","","","","DIARY_REACTION","HOSTILITY","DAILY","原稿から整理; 文章改変なし"
"PRD_DAILY_DIARY_REACTION_HOSTILITY_001_047","DIARY_REACTION","","","","……でも、痛い目見ないと分からないか。","","","","PRD_DAILY_DIARY_REACTION_HOSTILITY_001_047","5","1","Reaction","","PsychologyState == ""HOSTILITY""","","","","","","","","","","","","","","","","","","","","","","","","","","","DIARY_REACTION","HOSTILITY","DAILY","原稿から整理; 文章改変なし"
"PRD_DAILY_DIARY_REACTION_HOSTILITY_001_047","DIARY_REACTION","","","","構えて。お望み通り戦ってあげる。","","","","PRD_DAILY_DIARY_REACTION_HOSTILITY_001_047","6","1","Reaction","","PsychologyState == ""HOSTILITY""","","","","","","","","","","","","","","","","","","","","","","","","","","","DIARY_REACTION","HOSTILITY","DAILY","原稿から整理; 文章改変なし"
"PRD_DAILY_DIARY_REACTION_SADISTIC_001_048","DIARY_REACTION","","","","{{PLAYER_CALLING}}、提案がある。{{PLAYER_CALLING}}は{{CAT_PRONOUN}}に罵倒されるのが好きだね？煽られるのが好きだね？","","","","PRD_DAILY_DIARY_REACTION_SADISTIC_001_048","1","1","Reaction","","PsychologyState == ""SADISTIC""","","","","","","","","","","","","","","","","","","","","","","","","","","","DIARY_REACTION","SADISTIC","DAILY","原稿から整理; 文章改変なし"
"PRD_DAILY_DIARY_REACTION_SADISTIC_001_048","DIARY_REACTION","","","","だから{{PLAYER_CALLING}}をもっと支配できる方法を考えたよ。","","","","PRD_DAILY_DIARY_REACTION_SADISTIC_001_048","2","1","Reaction","","PsychologyState == ""SADISTIC""","","","","","","","","","","","","","","","","","","","","","","","","","","","DIARY_REACTION","SADISTIC","DAILY","原稿から整理; 文章改変なし"
"PRD_DAILY_DIARY_REACTION_SADISTIC_001_048","DIARY_REACTION","","","","これからしばらく、{{PLAYER_CALLING}}の行動は全部決めてあげる。","","","","PRD_DAILY_DIARY_REACTION_SADISTIC_001_048","3","1","Reaction","","PsychologyState == ""SADISTIC""","","","","","","","","","","","","","","","","","","","","","","","","","","","DIARY_REACTION","SADISTIC","DAILY","原稿から整理; 文章改変なし"
"PRD_DAILY_DIARY_REACTION_SADISTIC_001_048","DIARY_REACTION","","","","自分の行動を自分で決められなくなったら、いよいよ{{PLAYER_CALLING}}は「{{CAT_PRONOUN}}に生かされてる」って理解できるよね！","","","","PRD_DAILY_DIARY_REACTION_SADISTIC_001_048","4","1","Reaction","","PsychologyState == ""SADISTIC""","","","","","","","","","","","","","","","","","","","","","","","","","","","DIARY_REACTION","SADISTIC","DAILY","原稿から整理; 文章改変なし"
"PRD_DAILY_DIARY_REACTION_SADISTIC_001_048","DIARY_REACTION","","","","これからも、チビの{{PLAYER_CALLING}}の立場、いーっぱい教えてあげるからね！","","","","PRD_DAILY_DIARY_REACTION_SADISTIC_001_048","5","1","Reaction","","PsychologyState == ""SADISTIC""","","","","","","","","","","","","","","","","","","","","","","","","","","","DIARY_REACTION","SADISTIC","DAILY","原稿から整理; 文章改変なし"
"PRD_MAX_VALUE_EVENT_MAX_EVENT_HOSTILITY_001","MAX_EVENT","","","","{{PLAYER_CALLING}}、確認なんだけどさ。","","","","PRD_MAX_VALUE_EVENT_MAX_EVENT_HOSTILITY_001","1","1","Reaction","Death:crow","Hostility == 100","","","","","","","","","","","","","","","","","","","","","","","","","","PRD_MAX_VALUE_EVENT_MAX_EVENT_HOSTILITY_002","MAX_EVENT","HOSTILITY","MAX_VALUE_EVENT","原稿から整理; 文章改変なし"
"PRD_MAX_VALUE_EVENT_MAX_EVENT_HOSTILITY_001","MAX_EVENT","","","","何回も何回も喧嘩したがってるけど、しつこく言ったら戦えると思ってる？","","","","PRD_MAX_VALUE_EVENT_MAX_EVENT_HOSTILITY_001","2","1","Reaction","Death:crow","Hostility == 100","","","","","","","","","","","","","","","","","","","","","","","","","","PRD_MAX_VALUE_EVENT_MAX_EVENT_HOSTILITY_002","MAX_EVENT","HOSTILITY","MAX_VALUE_EVENT","原稿から整理; 文章改変なし"
"PRD_MAX_VALUE_EVENT_MAX_EVENT_HOSTILITY_001","MAX_EVENT","","","","{{CAT_PRONOUN}}と本気で戦いたいと思ってるんだよね？","","","","PRD_MAX_VALUE_EVENT_MAX_EVENT_HOSTILITY_001","3","1","Reaction","Death:crow","Hostility == 100","","","","","","","","","","","","","","","","","","","","","","","","","","PRD_MAX_VALUE_EVENT_MAX_EVENT_HOSTILITY_002","MAX_EVENT","HOSTILITY","MAX_VALUE_EVENT","原稿から整理; 文章改変なし"
"PRD_MAX_VALUE_EVENT_MAX_EVENT_HOSTILITY_001","MAX_EVENT","","","","何度も言ったけど、{{CAT_PRONOUN}}は{{PLAYER_CALLING}}を守るために{{CAT_NAME}}になったの。","","","","PRD_MAX_VALUE_EVENT_MAX_EVENT_HOSTILITY_001","4","1","Reaction","Death:crow","Hostility == 100","","","","","","","","","","","","","","","","","","","","","","","","","","PRD_MAX_VALUE_EVENT_MAX_EVENT_HOSTILITY_002","MAX_EVENT","HOSTILITY","MAX_VALUE_EVENT","原稿から整理; 文章改変なし"
"PRD_MAX_VALUE_EVENT_MAX_EVENT_HOSTILITY_001","MAX_EVENT","","","","……でも、痛い目見ないと分からないか。","","","","PRD_MAX_VALUE_EVENT_MAX_EVENT_HOSTILITY_001","5","1","Reaction","Death:crow","Hostility == 100","","","","","","","","","","","","","","","","","","","","","","","","","","PRD_MAX_VALUE_EVENT_MAX_EVENT_HOSTILITY_002","MAX_EVENT","HOSTILITY","MAX_VALUE_EVENT","原稿から整理; 文章改変なし"
"PRD_MAX_VALUE_EVENT_MAX_EVENT_HOSTILITY_001","MAX_EVENT","","","","構えて。お望み通り戦ってあげる。","","","","PRD_MAX_VALUE_EVENT_MAX_EVENT_HOSTILITY_001","6","1","Reaction","Death:crow","Hostility == 100","","","","","","","","","","","","","","","","","","","","","","","","","","PRD_MAX_VALUE_EVENT_MAX_EVENT_HOSTILITY_002","MAX_EVENT","HOSTILITY","MAX_VALUE_EVENT","原稿から整理; 文章改変なし"
"PRD_MAX_VALUE_EVENT_MAX_EVENT_HOSTILITY_002","MAX_EVENT","","","","ほら、言った通りでしょ。","","","","PRD_MAX_VALUE_EVENT_MAX_EVENT_HOSTILITY_002","1","2","Reaction","","Hostility == 100","","","","","","","","","","","","","","","","","","","","","","","","","","","MAX_EVENT","HOSTILITY","MAX_VALUE_EVENT","原稿から整理; 文章改変なし"
"PRD_MAX_VALUE_EVENT_MAX_EVENT_HOSTILITY_002","MAX_EVENT","","","","戦いを挑むなんて無駄なんだから、もうケンカ売ってこないでよね！","","","","PRD_MAX_VALUE_EVENT_MAX_EVENT_HOSTILITY_002","2","2","Reaction","","Hostility == 100","","","","","","","","","","","","","","","","","","","","","","","","","","","MAX_EVENT","HOSTILITY","MAX_VALUE_EVENT","原稿から整理; 文章改変なし"
"PRD_MAX_VALUE_EVENT_MAX_EVENT_SADISTIC_001","MAX_EVENT","","","","{{PLAYER_CALLING}}、提案がある。{{PLAYER_CALLING}}は{{CAT_PRONOUN}}に罵倒されるのが好きだね？煽られるのが好きだね？","","","","PRD_MAX_VALUE_EVENT_MAX_EVENT_SADISTIC_001","1","1","Reaction","","Sadistic == 100","","","","","","","","","","","","","","","","","","","","","","","","","","","MAX_EVENT","SADISTIC","MAX_VALUE_EVENT","原稿から整理; 文章改変なし"
"PRD_MAX_VALUE_EVENT_MAX_EVENT_SADISTIC_001","MAX_EVENT","","","","だから{{PLAYER_CALLING}}をもっと支配できる方法を考えたよ。","","","","PRD_MAX_VALUE_EVENT_MAX_EVENT_SADISTIC_001","2","1","Reaction","","Sadistic == 100","","","","","","","","","","","","","","","","","","","","","","","","","","","MAX_EVENT","SADISTIC","MAX_VALUE_EVENT","原稿から整理; 文章改変なし"
"PRD_MAX_VALUE_EVENT_MAX_EVENT_SADISTIC_001","MAX_EVENT","","","","これからしばらく、{{PLAYER_CALLING}}の行動は全部決めてあげる。","","","","PRD_MAX_VALUE_EVENT_MAX_EVENT_SADISTIC_001","3","1","Reaction","","Sadistic == 100","","","","","","","","","","","","","","","","","","","","","","","","","","","MAX_EVENT","SADISTIC","MAX_VALUE_EVENT","原稿から整理; 文章改変なし"
"PRD_MAX_VALUE_EVENT_MAX_EVENT_SADISTIC_001","MAX_EVENT","","","","自分の行動を自分で決められなくなったら、いよいよ{{PLAYER_CALLING}}は「{{CAT_PRONOUN}}に生かされてる」って理解できるよね！","","","","PRD_MAX_VALUE_EVENT_MAX_EVENT_SADISTIC_001","4","1","Reaction","","Sadistic == 100","","","","","","","","","","","","","","","","","","","","","","","","","","","MAX_EVENT","SADISTIC","MAX_VALUE_EVENT","原稿から整理; 文章改変なし"
"PRD_MAX_VALUE_EVENT_MAX_EVENT_SADISTIC_001","MAX_EVENT","","","","これからも、チビの{{PLAYER_CALLING}}の立場、いーっぱい教えてあげるからね！","","","","PRD_MAX_VALUE_EVENT_MAX_EVENT_SADISTIC_001","5","1","Reaction","","Sadistic == 100","","","","","","","","","","","","","","","","","","","","","","","","","","","MAX_EVENT","SADISTIC","MAX_VALUE_EVENT","原稿から整理; 文章改変なし"
"PRD_COMPOSITE_DAILY_COMPOSITE_HOSTILITY_AFFECTION_001","COMPOSITE","","","","朝だよ。ところで最近冷たいのって{{CAT_PRONOUN}}のことが好きだから？","","","","PRD_COMPOSITE_DAILY_COMPOSITE_HOSTILITY_AFFECTION_001","1","1","Reaction","","PsychologyState == ""AFFECTION_HOSTILITY""","","","","","","","","","","","","","","","","","","","","","","","","","","","COMPOSITE","HOSTILITY_AFFECTION","COMPOSITE_DAILY","原稿から整理; 文章改変なし"
"PRD_COMPOSITE_DAILY_COMPOSITE_HOSTILITY_AFFECTION_002","COMPOSITE","","","","お昼だよ。冷たくされても平気だよ。本当は好きって分かってるから。","","","","PRD_COMPOSITE_DAILY_COMPOSITE_HOSTILITY_AFFECTION_002","1","2","Reaction","","PsychologyState == ""AFFECTION_HOSTILITY""","","","","","","","","","","","","","","","","","","","","","","","","","","","COMPOSITE","HOSTILITY_AFFECTION","COMPOSITE_DAILY","原稿から整理; 文章改変なし"
"PRD_COMPOSITE_DAILY_COMPOSITE_HOSTILITY_AFFECTION_003","COMPOSITE","","","","夕方だね。優しさだけが愛情だと思ってたけど、痛みも愛情なんだね。","","","","PRD_COMPOSITE_DAILY_COMPOSITE_HOSTILITY_AFFECTION_003","1","3","Reaction","","PsychologyState == ""AFFECTION_HOSTILITY""","","","","","","","","","","","","","","","","","","","","","","","","","","","COMPOSITE","HOSTILITY_AFFECTION","COMPOSITE_DAILY","原稿から整理; 文章改変なし"
"PRD_COMPOSITE_DAILY_COMPOSITE_HOSTILITY_AFFECTION_004","COMPOSITE","","","","日記書くの？優しくしてくれた記録？ケンカの記録？","","","","PRD_COMPOSITE_DAILY_COMPOSITE_HOSTILITY_AFFECTION_004","1","4","Reaction","","PsychologyState == ""AFFECTION_HOSTILITY""","","","","","","","","","","","","","","","","","","","","","","","","","","","COMPOSITE","HOSTILITY_AFFECTION","COMPOSITE_DAILY","原稿から整理; 文章改変なし"
"PRD_COMPOSITE_DAILY_COMPOSITE_HOSTILITY_CONCERN_001","COMPOSITE","","","","朝だよ。……ねえ、どうして戦おうとするの？こんなにか弱いのに。","","","","PRD_COMPOSITE_DAILY_COMPOSITE_HOSTILITY_CONCERN_001","1","1","Reaction","","PsychologyState == ""CONCERN_HOSTILITY""","","","","","","","","","","","","","","","","","","","","","","","","","","","COMPOSITE","HOSTILITY_CONCERN","COMPOSITE_DAILY","原稿から整理; 文章改変なし"
"PRD_COMPOSITE_DAILY_COMPOSITE_HOSTILITY_CONCERN_002","COMPOSITE","","","","お昼だよ。……{{PLAYER_CALLING}}、大丈夫だよ。{{CAT_PRONOUN}}は{{PLAYER_CALLING}}の味方だよ。","","","","PRD_COMPOSITE_DAILY_COMPOSITE_HOSTILITY_CONCERN_002","1","2","Reaction","","PsychologyState == ""CONCERN_HOSTILITY""","","","","","","","","","","","","","","","","","","","","","","","","","","","COMPOSITE","HOSTILITY_CONCERN","COMPOSITE_DAILY","原稿から整理; 文章改変なし"
"PRD_COMPOSITE_DAILY_COMPOSITE_HOSTILITY_CONCERN_003","COMPOSITE","","","","夕方だね。……こんなにか弱い{{PLAYER_CALLING}}が無謀にも挑んでくる……。","","","","PRD_COMPOSITE_DAILY_COMPOSITE_HOSTILITY_CONCERN_003","1","3","Reaction","","PsychologyState == ""CONCERN_HOSTILITY""","","","","","","","","","","","","","","","","","","","","","","","","","","","COMPOSITE","HOSTILITY_CONCERN","COMPOSITE_DAILY","原稿から整理; 文章改変なし"
"PRD_COMPOSITE_DAILY_COMPOSITE_HOSTILITY_CONCERN_003","COMPOSITE","","","","守ってあげるから、ケンカなんてやめようよぉ……。","","","","PRD_COMPOSITE_DAILY_COMPOSITE_HOSTILITY_CONCERN_003","2","3","Reaction","","PsychologyState == ""CONCERN_HOSTILITY""","","","","","","","","","","","","","","","","","","","","","","","","","","","COMPOSITE","HOSTILITY_CONCERN","COMPOSITE_DAILY","原稿から整理; 文章改変なし"
"PRD_COMPOSITE_DAILY_COMPOSITE_HOSTILITY_CONCERN_004","COMPOSITE","","","","日記書くの？……早い所、穏やかな日常が日記に書けるようになるといいな……。","","","","PRD_COMPOSITE_DAILY_COMPOSITE_HOSTILITY_CONCERN_004","1","4","Reaction","","PsychologyState == ""CONCERN_HOSTILITY""","","","","","","","","","","","","","","","","","","","","","","","","","","","COMPOSITE","HOSTILITY_CONCERN","COMPOSITE_DAILY","原稿から整理; 文章改変なし"
"PRD_COMPOSITE_DAILY_COMPOSITE_HOSTILITY_SADISTIC_001","COMPOSITE","","","","朝だね。雑魚{{PLAYER_CALLING}}は{{CAT_PRONOUN}}に勝てないんだから、無駄な抵抗はやめようね～。","","","","PRD_COMPOSITE_DAILY_COMPOSITE_HOSTILITY_SADISTIC_001","1","1","Reaction","","PsychologyState == ""HOSTILITY_SADISTIC""","","","","","","","","","","","","","","","","","","","","","","","","","","","COMPOSITE","HOSTILITY_SADISTIC","COMPOSITE_DAILY","原稿から整理; 文章改変なし"
"PRD_COMPOSITE_DAILY_COMPOSITE_HOSTILITY_SADISTIC_002","COMPOSITE","","","","お昼だよ。チビのくせに、どうしてこんなに挑んでくるのかな～？無謀だねぇ。","","","","PRD_COMPOSITE_DAILY_COMPOSITE_HOSTILITY_SADISTIC_002","1","2","Reaction","","PsychologyState == ""HOSTILITY_SADISTIC""","","","","","","","","","","","","","","","","","","","","","","","","","","","COMPOSITE","HOSTILITY_SADISTIC","COMPOSITE_DAILY","原稿から整理; 文章改変なし"
"PRD_COMPOSITE_DAILY_COMPOSITE_HOSTILITY_SADISTIC_003","COMPOSITE","","","","夕方だね。……もしかして、ただの雑魚じゃないって証明するために、{{CAT_PRONOUN}}と戦おうとしてるの？","","","","PRD_COMPOSITE_DAILY_COMPOSITE_HOSTILITY_SADISTIC_003","1","3","Reaction","","PsychologyState == ""HOSTILITY_SADISTIC""","","","","","","","","","","","","","","","","","","","","","","","","","","","COMPOSITE","HOSTILITY_SADISTIC","COMPOSITE_DAILY","原稿から整理; 文章改変なし"
"PRD_COMPOSITE_DAILY_COMPOSITE_HOSTILITY_SADISTIC_003","COMPOSITE","","","","……無駄すぎ！ざ～こ！","","","","PRD_COMPOSITE_DAILY_COMPOSITE_HOSTILITY_SADISTIC_003","2","3","Reaction","","PsychologyState == ""HOSTILITY_SADISTIC""","","","","","","","","","","","","","","","","","","","","","","","","","","","COMPOSITE","HOSTILITY_SADISTIC","COMPOSITE_DAILY","原稿から整理; 文章改変なし"
"PRD_COMPOSITE_DAILY_COMPOSITE_HOSTILITY_SADISTIC_004","COMPOSITE","","","","日記書くの？書くようなことある？自分がどれだけ惨めだったか書きたいならそうしたら？","","","","PRD_COMPOSITE_DAILY_COMPOSITE_HOSTILITY_SADISTIC_004","1","4","Reaction","","PsychologyState == ""HOSTILITY_SADISTIC""","","","","","","","","","","","","","","","","","","","","","","","","","","","COMPOSITE","HOSTILITY_SADISTIC","COMPOSITE_DAILY","原稿から整理; 文章改変なし"
"PRD_COMPOSITE_DAILY_COMPOSITE_HOSTILITY_OBEDIENCE_001","COMPOSITE","","","","朝だね。ねぇ{{PLAYER_CALLING}}、{{CAT_PRONOUN}}と敵対したり命令したりが多いけど……。","","","","PRD_COMPOSITE_DAILY_COMPOSITE_HOSTILITY_OBEDIENCE_001","1","1","Reaction","","PsychologyState == ""HOSTILITY_OBEDIENCE""","","","","","","","","","","","","","","","","","","","","","","","","","","","COMPOSITE","HOSTILITY_OBEDIENCE","COMPOSITE_DAILY","原稿から整理; 文章改変なし"
"PRD_COMPOSITE_DAILY_COMPOSITE_HOSTILITY_OBEDIENCE_001","COMPOSITE","","","","{{CAT_PRONOUN}}にどうしてほしいのかな？","","","","PRD_COMPOSITE_DAILY_COMPOSITE_HOSTILITY_OBEDIENCE_001","2","1","Reaction","","PsychologyState == ""HOSTILITY_OBEDIENCE""","","","","","","","","","","","","","","","","","","","","","","","","","","","COMPOSITE","HOSTILITY_OBEDIENCE","COMPOSITE_DAILY","原稿から整理; 文章改変なし"
"PRD_COMPOSITE_DAILY_COMPOSITE_HOSTILITY_OBEDIENCE_002","COMPOSITE","","","","お昼だよ。……そんな乱暴な言い方じゃなくてさ、仲良く暮らさない？一緒にご飯食べてさ？","","","","PRD_COMPOSITE_DAILY_COMPOSITE_HOSTILITY_OBEDIENCE_002","1","2","Reaction","","PsychologyState == ""HOSTILITY_OBEDIENCE""","","","","","","","","","","","","","","","","","","","","","","","","","","","COMPOSITE","HOSTILITY_OBEDIENCE","COMPOSITE_DAILY","原稿から整理; 文章改変なし"
"PRD_COMPOSITE_DAILY_COMPOSITE_HOSTILITY_OBEDIENCE_003","COMPOSITE","","","","夕方だね。……もしかして、{{CAT_PRONOUN}}のことを従順にしたら、逆らわなくなるって思ってる？","","","","PRD_COMPOSITE_DAILY_COMPOSITE_HOSTILITY_OBEDIENCE_003","1","3","Reaction","","PsychologyState == ""HOSTILITY_OBEDIENCE""","","","","","","","","","","","","","","","","","","","","","","","","","","","COMPOSITE","HOSTILITY_OBEDIENCE","COMPOSITE_DAILY","原稿から整理; 文章改変なし"
"PRD_COMPOSITE_DAILY_COMPOSITE_HOSTILITY_OBEDIENCE_003","COMPOSITE","","","","どんな言い方されても、譲れないところは譲らないからね！","","","","PRD_COMPOSITE_DAILY_COMPOSITE_HOSTILITY_OBEDIENCE_003","2","3","Reaction","","PsychologyState == ""HOSTILITY_OBEDIENCE""","","","","","","","","","","","","","","","","","","","","","","","","","","","COMPOSITE","HOSTILITY_OBEDIENCE","COMPOSITE_DAILY","原稿から整理; 文章改変なし"
"PRD_COMPOSITE_DAILY_COMPOSITE_HOSTILITY_OBEDIENCE_004","COMPOSITE","","","","日記書くの？……日記にまで乱暴なこと書かないでね？","","","","PRD_COMPOSITE_DAILY_COMPOSITE_HOSTILITY_OBEDIENCE_004","1","4","Reaction","","PsychologyState == ""HOSTILITY_OBEDIENCE""","","","","","","","","","","","","","","","","","","","","","","","","","","","COMPOSITE","HOSTILITY_OBEDIENCE","COMPOSITE_DAILY","原稿から整理; 文章改変なし"
"PRD_COMPOSITE_DAILY_COMPOSITE_HOSTILITY_INSTINCT_001","COMPOSITE","","","","朝だよ。少しはいい子になった？そうじゃないなら……どうなるかな？","","","","PRD_COMPOSITE_DAILY_COMPOSITE_HOSTILITY_INSTINCT_001","1","1","Reaction","","PsychologyState == ""HOSTILITY_INSTINCT""","","","","","","","","","","","","","","","","","","","","","","","","","","","COMPOSITE","HOSTILITY_INSTINCT","COMPOSITE_DAILY","原稿から整理; 文章改変なし"
"PRD_COMPOSITE_DAILY_COMPOSITE_HOSTILITY_INSTINCT_002","COMPOSITE","","","","お昼だね。……あ、もしかして最近機嫌が悪いのって、お腹が空いてるから？","","","","PRD_COMPOSITE_DAILY_COMPOSITE_HOSTILITY_INSTINCT_002","1","2","Reaction","","PsychologyState == ""HOSTILITY_INSTINCT""","","","","","","","","","","","","","","","","","","","","","","","","","","","COMPOSITE","HOSTILITY_INSTINCT","COMPOSITE_DAILY","原稿から整理; 文章改変なし"
"PRD_COMPOSITE_DAILY_COMPOSITE_HOSTILITY_INSTINCT_003","COMPOSITE","","","","夕方だよ。あんまり生意気なことばっかり言ってるなら、ちゃんと教育しないといけないかなぁ。","","","","PRD_COMPOSITE_DAILY_COMPOSITE_HOSTILITY_INSTINCT_003","1","3","Reaction","","PsychologyState == ""HOSTILITY_INSTINCT""","","","","","","","","","","","","","","","","","","","","","","","","","","","COMPOSITE","HOSTILITY_INSTINCT","COMPOSITE_DAILY","原稿から整理; 文章改変なし"
"PRD_COMPOSITE_DAILY_COMPOSITE_HOSTILITY_INSTINCT_004","COMPOSITE","","","","日記書くの？どんな事を書くのかな？{{CAT_PRONOUN}}のことを悪く言うなら……覚悟しておいてね。","","","","PRD_COMPOSITE_DAILY_COMPOSITE_HOSTILITY_INSTINCT_004","1","4","Reaction","","PsychologyState == ""HOSTILITY_INSTINCT""","","","","","","","","","","","","","","","","","","","","","","","","","","","COMPOSITE","HOSTILITY_INSTINCT","COMPOSITE_DAILY","原稿から整理; 文章改変なし"
"PRD_COMPOSITE_DAILY_COMPOSITE_AFFECTION_CONCERN_001","COMPOSITE","","","","おはよう！今日も{{PLAYER_CALLING}}のやりたいこと、{{CAT_PRONOUN}}がなんでもやってあげる！","","","","PRD_COMPOSITE_DAILY_COMPOSITE_AFFECTION_CONCERN_001","1","1","Reaction","","PsychologyState == ""AFFECTION_CONCERN""","","","","","","","","","","","","","","","","","","","","","","","","","","","COMPOSITE","AFFECTION_CONCERN","COMPOSITE_DAILY","原稿から整理; 文章改変なし"
"PRD_COMPOSITE_DAILY_COMPOSITE_AFFECTION_CONCERN_002","COMPOSITE","","","","お昼だよ！食べたいものがあるなら{{CAT_PRONOUN}}が用意するから、{{PLAYER_CALLING}}は大人しくしててね！","","","","PRD_COMPOSITE_DAILY_COMPOSITE_AFFECTION_CONCERN_002","1","2","Reaction","","PsychologyState == ""AFFECTION_CONCERN""","","","","","","","","","","","","","","","","","","","","","","","","","","","COMPOSITE","AFFECTION_CONCERN","COMPOSITE_DAILY","原稿から整理; 文章改変なし"
"PRD_COMPOSITE_DAILY_COMPOSITE_AFFECTION_CONCERN_003","COMPOSITE","","","","夕方だよ。{{PLAYER_CALLING}}のやって欲しいこと{{CAT_PRONOUN}}が全部やってあげるからさ、{{PLAYER_CALLING}}は安全な所にいてね！","","","","PRD_COMPOSITE_DAILY_COMPOSITE_AFFECTION_CONCERN_003","1","3","Reaction","","PsychologyState == ""AFFECTION_CONCERN""","","","","","","","","","","","","","","","","","","","","","","","","","","","COMPOSITE","AFFECTION_CONCERN","COMPOSITE_DAILY","原稿から整理; 文章改変なし"
"PRD_COMPOSITE_DAILY_COMPOSITE_AFFECTION_CONCERN_004","COMPOSITE","","","","日記書くの？うーん、日記は流石に代わりにやってあげられないなぁ……。じゃあ応援してあげる！","","","","PRD_COMPOSITE_DAILY_COMPOSITE_AFFECTION_CONCERN_004","1","4","Reaction","","PsychologyState == ""AFFECTION_CONCERN""","","","","","","","","","","","","","","","","","","","","","","","","","","","COMPOSITE","AFFECTION_CONCERN","COMPOSITE_DAILY","原稿から整理; 文章改変なし"
"PRD_COMPOSITE_DAILY_COMPOSITE_AFFECTION_SADISTIC_001","COMPOSITE","","","","おはよう……。今日も小さくて可愛い{{PLAYER_CALLING}}すき……。","","","","PRD_COMPOSITE_DAILY_COMPOSITE_AFFECTION_SADISTIC_001","1","1","Reaction","","PsychologyState == ""AFFECTION_SADISTIC""","","","","","","","","","","","","","","","","","","","","","","","","","","","COMPOSITE","AFFECTION_SADISTIC","COMPOSITE_DAILY","原稿から整理; 文章改変なし"
"PRD_COMPOSITE_DAILY_COMPOSITE_AFFECTION_SADISTIC_002","COMPOSITE","","","","お昼だね。ちび{{PLAYER_CALLING}}が、ちびちびご飯食べてるの可愛い～！潰したくなっちゃう！","","","","PRD_COMPOSITE_DAILY_COMPOSITE_AFFECTION_SADISTIC_002","1","2","Reaction","","PsychologyState == ""AFFECTION_SADISTIC""","","","","","","","","","","","","","","","","","","","","","","","","","","","COMPOSITE","AFFECTION_SADISTIC","COMPOSITE_DAILY","原稿から整理; 文章改変なし"
"PRD_COMPOSITE_DAILY_COMPOSITE_AFFECTION_SADISTIC_003","COMPOSITE","","","","夕方だね。か弱い{{PLAYER_CALLING}}を見てると、愛らしくてたまらないの！雑魚なのにね！","","","","PRD_COMPOSITE_DAILY_COMPOSITE_AFFECTION_SADISTIC_003","1","3","Reaction","","PsychologyState == ""AFFECTION_SADISTIC""","","","","","","","","","","","","","","","","","","","","","","","","","","","COMPOSITE","AFFECTION_SADISTIC","COMPOSITE_DAILY","原稿から整理; 文章改変なし"
"PRD_COMPOSITE_DAILY_COMPOSITE_AFFECTION_SADISTIC_004","COMPOSITE","","","","日記書くの？その板に向かって頑張って話しかけてるの、すごく愛おしいんだよね～！","","","","PRD_COMPOSITE_DAILY_COMPOSITE_AFFECTION_SADISTIC_004","1","4","Reaction","","PsychologyState == ""AFFECTION_SADISTIC""","","","","","","","","","","","","","","","","","","","","","","","","","","","COMPOSITE","AFFECTION_SADISTIC","COMPOSITE_DAILY","原稿から整理; 文章改変なし"
"PRD_COMPOSITE_DAILY_COMPOSITE_AFFECTION_OBEDIENCE_001","COMPOSITE","","","","おはよう。{{PLAYER_CALLING}}、今日もなにか命令してくれる？","","","","PRD_COMPOSITE_DAILY_COMPOSITE_AFFECTION_OBEDIENCE_001","1","1","Reaction","","PsychologyState == ""AFFECTION_OBEDIENCE""","","","","","","","","","","","","","","","","","","","","","","","","","","","COMPOSITE","AFFECTION_OBEDIENCE","COMPOSITE_DAILY","原稿から整理; 文章改変なし"
"PRD_COMPOSITE_DAILY_COMPOSITE_AFFECTION_OBEDIENCE_001","COMPOSITE","","","","その……必要とされてると、安心するからさ……。","","","","PRD_COMPOSITE_DAILY_COMPOSITE_AFFECTION_OBEDIENCE_001","2","1","Reaction","","PsychologyState == ""AFFECTION_OBEDIENCE""","","","","","","","","","","","","","","","","","","","","","","","","","","","COMPOSITE","AFFECTION_OBEDIENCE","COMPOSITE_DAILY","原稿から整理; 文章改変なし"
"PRD_COMPOSITE_DAILY_COMPOSITE_AFFECTION_OBEDIENCE_002","COMPOSITE","","","","お昼だね。{{PLAYER_CALLING}}のために食べ物を用意させて！","","","","PRD_COMPOSITE_DAILY_COMPOSITE_AFFECTION_OBEDIENCE_002","1","2","Reaction","","PsychologyState == ""AFFECTION_OBEDIENCE""","","","","","","","","","","","","","","","","","","","","","","","","","","","COMPOSITE","AFFECTION_OBEDIENCE","COMPOSITE_DAILY","原稿から整理; 文章改変なし"
"PRD_COMPOSITE_DAILY_COMPOSITE_AFFECTION_OBEDIENCE_002","COMPOSITE","","","","ほら！{{CAT_PRONOUN}}って{{PLAYER_CALLING}}の役に立つでしょ！","","","","PRD_COMPOSITE_DAILY_COMPOSITE_AFFECTION_OBEDIENCE_002","2","2","Reaction","","PsychologyState == ""AFFECTION_OBEDIENCE""","","","","","","","","","","","","","","","","","","","","","","","","","","","COMPOSITE","AFFECTION_OBEDIENCE","COMPOSITE_DAILY","原稿から整理; 文章改変なし"
"PRD_COMPOSITE_DAILY_COMPOSITE_AFFECTION_OBEDIENCE_003","COMPOSITE","","","","夕方だね。{{CAT_PRONOUN}}、{{PLAYER_CALLING}}が居ないと何も出来ないな……。","","","","PRD_COMPOSITE_DAILY_COMPOSITE_AFFECTION_OBEDIENCE_003","1","3","Reaction","","PsychologyState == ""AFFECTION_OBEDIENCE""","","","","","","","","","","","","","","","","","","","","","","","","","","","COMPOSITE","AFFECTION_OBEDIENCE","COMPOSITE_DAILY","原稿から整理; 文章改変なし"
"PRD_COMPOSITE_DAILY_COMPOSITE_AFFECTION_OBEDIENCE_003","COMPOSITE","","","","{{PLAYER_CALLING}}、{{CAT_PRONOUN}}を置いていったりしないでね……。","","","","PRD_COMPOSITE_DAILY_COMPOSITE_AFFECTION_OBEDIENCE_003","2","3","Reaction","","PsychologyState == ""AFFECTION_OBEDIENCE""","","","","","","","","","","","","","","","","","","","","","","","","","","","COMPOSITE","AFFECTION_OBEDIENCE","COMPOSITE_DAILY","原稿から整理; 文章改変なし"
"PRD_COMPOSITE_DAILY_COMPOSITE_AFFECTION_OBEDIENCE_004","COMPOSITE","","","","日記書くの？そのスマホは、{{CAT_PRONOUN}}よりも役立つの？{{CAT_PRONOUN}}よりも言う事聞くの？{{CAT_PRONOUN}}より大切？","","","","PRD_COMPOSITE_DAILY_COMPOSITE_AFFECTION_OBEDIENCE_004","1","4","Reaction","","PsychologyState == ""AFFECTION_OBEDIENCE""","","","","","","","","","","","","","","","","","","","","","","","","","","","COMPOSITE","AFFECTION_OBEDIENCE","COMPOSITE_DAILY","原稿から整理; 文章改変なし"
"PRD_COMPOSITE_DAILY_COMPOSITE_AFFECTION_INSTINCT_001","COMPOSITE","","","","おはよう{{PLAYER_CALLING}}！{{PLAYER_CALLING}}が愛おしすぎて我慢ができないの！{{PLAYER_CALLING}}大好き！","","","","PRD_COMPOSITE_DAILY_COMPOSITE_AFFECTION_INSTINCT_001","1","1","Reaction","","PsychologyState == ""AFFECTION_INSTINCT""","","","","","","","","","","","","","","","","","","","","","","","","","","","COMPOSITE","AFFECTION_INSTINCT","COMPOSITE_DAILY","原稿から整理; 文章改変なし"
"PRD_COMPOSITE_DAILY_COMPOSITE_AFFECTION_INSTINCT_002","COMPOSITE","","","","お昼だね！{{CAT_PRONOUN}}と一緒にご飯食べよ！愛しの{{PLAYER_CALLING}}！","","","","PRD_COMPOSITE_DAILY_COMPOSITE_AFFECTION_INSTINCT_002","1","2","Reaction","","PsychologyState == ""AFFECTION_INSTINCT""","","","","","","","","","","","","","","","","","","","","","","","","","","","COMPOSITE","AFFECTION_INSTINCT","COMPOSITE_DAILY","原稿から整理; 文章改変なし"
"PRD_COMPOSITE_DAILY_COMPOSITE_AFFECTION_INSTINCT_003","COMPOSITE","","","","もう夕方だね。{{PLAYER_CALLING}}にナデナデされたいなあ！いいでしょ？","","","","PRD_COMPOSITE_DAILY_COMPOSITE_AFFECTION_INSTINCT_003","1","3","Reaction","","PsychologyState == ""AFFECTION_INSTINCT""","","","","","","","","","","","","","","","","","","","","","","","","","","","COMPOSITE","AFFECTION_INSTINCT","COMPOSITE_DAILY","原稿から整理; 文章改変なし"
"PRD_COMPOSITE_DAILY_COMPOSITE_AFFECTION_INSTINCT_004","COMPOSITE","","","","日記書くの？{{CAT_PRONOUN}}のこといっぱい記録してね！","","","","PRD_COMPOSITE_DAILY_COMPOSITE_AFFECTION_INSTINCT_004","1","4","Reaction","","PsychologyState == ""AFFECTION_INSTINCT""","","","","","","","","","","","","","","","","","","","","","","","","","","","COMPOSITE","AFFECTION_INSTINCT","COMPOSITE_DAILY","原稿から整理; 文章改変なし"
"PRD_COMPOSITE_DAILY_COMPOSITE_CONCERN_SADISTIC_001","COMPOSITE","","","","おはよう。今日は無茶なことしない？大人しくしててね。チビで雑魚なんだから。","","","","PRD_COMPOSITE_DAILY_COMPOSITE_CONCERN_SADISTIC_001","1","1","Reaction","","PsychologyState == ""CONCERN_SADISTIC""","","","","","","","","","","","","","","","","","","","","","","","","","","","COMPOSITE","CONCERN_SADISTIC","COMPOSITE_DAILY","原稿から整理; 文章改変なし"
"PRD_COMPOSITE_DAILY_COMPOSITE_CONCERN_SADISTIC_002","COMPOSITE","","","","お昼だよ。{{PLAYER_CALLING}}は何もできないんだから、大人しくご飯の用意を待っててね？","","","","PRD_COMPOSITE_DAILY_COMPOSITE_CONCERN_SADISTIC_002","1","2","Reaction","","PsychologyState == ""CONCERN_SADISTIC""","","","","","","","","","","","","","","","","","","","","","","","","","","","COMPOSITE","CONCERN_SADISTIC","COMPOSITE_DAILY","原稿から整理; 文章改変なし"
"PRD_COMPOSITE_DAILY_COMPOSITE_CONCERN_SADISTIC_003","COMPOSITE","","","","夕方だよ。{{PLAYER_CALLING}}ってちっぽけで無力なのに、どうしてそんなに無謀なことばかりするの？","","","","PRD_COMPOSITE_DAILY_COMPOSITE_CONCERN_SADISTIC_003","1","3","Reaction","","PsychologyState == ""CONCERN_SADISTIC""","","","","","","","","","","","","","","","","","","","","","","","","","","","COMPOSITE","CONCERN_SADISTIC","COMPOSITE_DAILY","原稿から整理; 文章改変なし"
"PRD_COMPOSITE_DAILY_COMPOSITE_CONCERN_SADISTIC_004","COMPOSITE","","","","日記書くの？危ない経験はちゃんと記録してね。そのちっちゃい頭じゃ覚えておけないだろうし。","","","","PRD_COMPOSITE_DAILY_COMPOSITE_CONCERN_SADISTIC_004","1","4","Reaction","","PsychologyState == ""CONCERN_SADISTIC""","","","","","","","","","","","","","","","","","","","","","","","","","","","COMPOSITE","CONCERN_SADISTIC","COMPOSITE_DAILY","原稿から整理; 文章改変なし"
"PRD_COMPOSITE_DAILY_COMPOSITE_CONCERN_OBEDIENCE_001","COMPOSITE","","","","朝だよ。また今日も何か命令するの？安全な指示にしてね。","","","","PRD_COMPOSITE_DAILY_COMPOSITE_CONCERN_OBEDIENCE_001","1","1","Reaction","","PsychologyState == ""CONCERN_OBEDIENCE""","","","","","","","","","","","","","","","","","","","","","","","","","","","COMPOSITE","CONCERN_OBEDIENCE","COMPOSITE_DAILY","原稿から整理; 文章改変なし"
"PRD_COMPOSITE_DAILY_COMPOSITE_CONCERN_OBEDIENCE_002","COMPOSITE","","","","お昼だよ。お腹は空いてる？無茶な注文じゃなかったら、頑張って叶えるから！","","","","PRD_COMPOSITE_DAILY_COMPOSITE_CONCERN_OBEDIENCE_002","1","2","Reaction","","PsychologyState == ""CONCERN_OBEDIENCE""","","","","","","","","","","","","","","","","","","","","","","","","","","","COMPOSITE","CONCERN_OBEDIENCE","COMPOSITE_DAILY","原稿から整理; 文章改変なし"
"PRD_COMPOSITE_DAILY_COMPOSITE_CONCERN_OBEDIENCE_003","COMPOSITE","","","","夕方だよ。{{PLAYER_CALLING}}の命令はなんでも叶えたいけど……。ダメなものにはダメって言わなきゃいけないの。危ないし。","","","","PRD_COMPOSITE_DAILY_COMPOSITE_CONCERN_OBEDIENCE_003","1","3","Reaction","","PsychologyState == ""CONCERN_OBEDIENCE""","","","","","","","","","","","","","","","","","","","","","","","","","","","COMPOSITE","CONCERN_OBEDIENCE","COMPOSITE_DAILY","原稿から整理; 文章改変なし"
"PRD_COMPOSITE_DAILY_COMPOSITE_CONCERN_OBEDIENCE_004","COMPOSITE","","","","日記書くの？日記書けって命令してくれたら……いや、{{CAT_PRONOUN}}の声じゃ書けないから{{PLAYER_CALLING}}の担当だね。","","","","PRD_COMPOSITE_DAILY_COMPOSITE_CONCERN_OBEDIENCE_004","1","4","Reaction","","PsychologyState == ""CONCERN_OBEDIENCE""","","","","","","","","","","","","","","","","","","","","","","","","","","","COMPOSITE","CONCERN_OBEDIENCE","COMPOSITE_DAILY","原稿から整理; 文章改変なし"
"PRD_COMPOSITE_DAILY_COMPOSITE_CONCERN_INSTINCT_001","COMPOSITE","","","","おはよう！しっかり眠れた？子猫ちゃん？","","","","PRD_COMPOSITE_DAILY_COMPOSITE_CONCERN_INSTINCT_001","1","1","Reaction","","PsychologyState == ""CONCERN_INSTINCT""","","","","","","","","","","","","","","","","","","","","","","","","","","","COMPOSITE","CONCERN_INSTINCT","COMPOSITE_DAILY","原稿から整理; 文章改変なし"
"PRD_COMPOSITE_DAILY_COMPOSITE_CONCERN_INSTINCT_002","COMPOSITE","","","","お昼だよ。何が食べたいのかな子猫ちゃん？ミルクは用意できないけど……。","","","","PRD_COMPOSITE_DAILY_COMPOSITE_CONCERN_INSTINCT_002","1","2","Reaction","","PsychologyState == ""CONCERN_INSTINCT""","","","","","","","","","","","","","","","","","","","","","","","","","","","COMPOSITE","CONCERN_INSTINCT","COMPOSITE_DAILY","原稿から整理; 文章改変なし"
"PRD_COMPOSITE_DAILY_COMPOSITE_CONCERN_INSTINCT_003","COMPOSITE","","","","夕方だよ。なんだか危なっかしい{{PLAYER_CALLING}}を見てると、どうしても子猫に見えちゃうんだ。","","","","PRD_COMPOSITE_DAILY_COMPOSITE_CONCERN_INSTINCT_003","1","3","Reaction","","PsychologyState == ""CONCERN_INSTINCT""","","","","","","","","","","","","","","","","","","","","","","","","","","","COMPOSITE","CONCERN_INSTINCT","COMPOSITE_DAILY","原稿から整理; 文章改変なし"
"PRD_COMPOSITE_DAILY_COMPOSITE_CONCERN_INSTINCT_004","COMPOSITE","","","","日記書くの？ひとりで書ける？今日何があったのか、自分で思い出せる？","","","","PRD_COMPOSITE_DAILY_COMPOSITE_CONCERN_INSTINCT_004","1","4","Reaction","","PsychologyState == ""CONCERN_INSTINCT""","","","","","","","","","","","","","","","","","","","","","","","","","","","COMPOSITE","CONCERN_INSTINCT","COMPOSITE_DAILY","原稿から整理; 文章改変なし"
"PRD_COMPOSITE_DAILY_COMPOSITE_SADISTIC_OBEDIENCE_001","COMPOSITE","","","","おはよう。今日は、命令したいの？されたいの？","","","","PRD_COMPOSITE_DAILY_COMPOSITE_SADISTIC_OBEDIENCE_001","1","1","Reaction","","PsychologyState == ""OBEDIENCE_SADISTIC""","","","","","","","","","","","","","","","","","","","","","","","","","","","COMPOSITE","SADISTIC_OBEDIENCE","COMPOSITE_DAILY","原稿から整理; 文章改変なし"
"PRD_COMPOSITE_DAILY_COMPOSITE_SADISTIC_OBEDIENCE_002","COMPOSITE","","","","お昼だよ。チビの{{PLAYER_CALLING}}は、何を用意してもらいたいの？","","","","PRD_COMPOSITE_DAILY_COMPOSITE_SADISTIC_OBEDIENCE_002","1","2","Reaction","","PsychologyState == ""OBEDIENCE_SADISTIC""","","","","","","","","","","","","","","","","","","","","","","","","","","","COMPOSITE","SADISTIC_OBEDIENCE","COMPOSITE_DAILY","原稿から整理; 文章改変なし"
"PRD_COMPOSITE_DAILY_COMPOSITE_SADISTIC_OBEDIENCE_003","COMPOSITE","","","","夕方だね。なんというか{{PLAYER_CALLING}}の言い方……いじめて欲しいくせに口調はトゲトゲしてるんだよね。生意気。","","","","PRD_COMPOSITE_DAILY_COMPOSITE_SADISTIC_OBEDIENCE_003","1","3","Reaction","","PsychologyState == ""OBEDIENCE_SADISTIC""","","","","","","","","","","","","","","","","","","","","","","","","","","","COMPOSITE","SADISTIC_OBEDIENCE","COMPOSITE_DAILY","原稿から整理; 文章改変なし"
"PRD_COMPOSITE_DAILY_COMPOSITE_SADISTIC_OBEDIENCE_004","COMPOSITE","","","","日記書くの？日記くらいは丁寧な口調で書きなよ？","","","","PRD_COMPOSITE_DAILY_COMPOSITE_SADISTIC_OBEDIENCE_004","1","4","Reaction","","PsychologyState == ""OBEDIENCE_SADISTIC""","","","","","","","","","","","","","","","","","","","","","","","","","","","COMPOSITE","SADISTIC_OBEDIENCE","COMPOSITE_DAILY","原稿から整理; 文章改変なし"
"PRD_COMPOSITE_DAILY_COMPOSITE_SADISTIC_INSTINCT_001","COMPOSITE","","","","おはよう！今日は{{PLAYER_CALLING}}のこと追いかけて、捕まえて、潰しちゃうかも～？","","","","PRD_COMPOSITE_DAILY_COMPOSITE_SADISTIC_INSTINCT_001","1","1","Reaction","","PsychologyState == ""INSTINCT_SADISTIC""","","","","","","","","","","","","","","","","","","","","","","","","","","","COMPOSITE","SADISTIC_INSTINCT","COMPOSITE_DAILY","原稿から整理; 文章改変なし"
"PRD_COMPOSITE_DAILY_COMPOSITE_SADISTIC_INSTINCT_002","COMPOSITE","","","","お昼だよ。あーあ、今日もチビマゾ{{PLAYER_CALLING}}に餌をあげないとなぁ～。","","","","PRD_COMPOSITE_DAILY_COMPOSITE_SADISTIC_INSTINCT_002","1","2","Reaction","","PsychologyState == ""INSTINCT_SADISTIC""","","","","","","","","","","","","","","","","","","","","","","","","","","","COMPOSITE","SADISTIC_INSTINCT","COMPOSITE_DAILY","原稿から整理; 文章改変なし"
"PRD_COMPOSITE_DAILY_COMPOSITE_SADISTIC_INSTINCT_003","COMPOSITE","","","","夕方だよ。元気なネズミを追いかけて遊びたいなぁ～。","","","","PRD_COMPOSITE_DAILY_COMPOSITE_SADISTIC_INSTINCT_003","1","3","Reaction","","PsychologyState == ""INSTINCT_SADISTIC""","","","","","","","","","","","","","","","","","","","","","","","","","","","COMPOSITE","SADISTIC_INSTINCT","COMPOSITE_DAILY","原稿から整理; 文章改変なし"
"PRD_COMPOSITE_DAILY_COMPOSITE_SADISTIC_INSTINCT_004","COMPOSITE","","","","日記を書くの？自由に書いたらいいけど……背後には気をつけてね？","","","","PRD_COMPOSITE_DAILY_COMPOSITE_SADISTIC_INSTINCT_004","1","4","Reaction","","PsychologyState == ""INSTINCT_SADISTIC""","","","","","","","","","","","","","","","","","","","","","","","","","","","COMPOSITE","SADISTIC_INSTINCT","COMPOSITE_DAILY","原稿から整理; 文章改変なし"
"PRD_COMPOSITE_DAILY_COMPOSITE_OBEDIENCE_INSTINCT_001","COMPOSITE","","","","おはようございます。……何か命令をしてくれないかな？","","","","PRD_COMPOSITE_DAILY_COMPOSITE_OBEDIENCE_INSTINCT_001","1","1","Reaction","","PsychologyState == ""INSTINCT_OBEDIENCE""","","","","","","","","","","","","","","","","","","","","","","","","","","","COMPOSITE","OBEDIENCE_INSTINCT","COMPOSITE_DAILY","原稿から整理; 文章改変なし"
"PRD_COMPOSITE_DAILY_COMPOSITE_OBEDIENCE_INSTINCT_001","COMPOSITE","","","","{{PLAYER_CALLING}}の命令がないと……{{CAT_PRONOUN}}……！","","","","PRD_COMPOSITE_DAILY_COMPOSITE_OBEDIENCE_INSTINCT_001","2","1","Reaction","","PsychologyState == ""INSTINCT_OBEDIENCE""","","","","","","","","","","","","","","","","","","","","","","","","","","","COMPOSITE","OBEDIENCE_INSTINCT","COMPOSITE_DAILY","原稿から整理; 文章改変なし"
"PRD_COMPOSITE_DAILY_COMPOSITE_OBEDIENCE_INSTINCT_002","COMPOSITE","","","","お昼はどうしたい？{{PLAYER_CALLING}}のために用意するよ！","","","","PRD_COMPOSITE_DAILY_COMPOSITE_OBEDIENCE_INSTINCT_002","1","2","Reaction","","PsychologyState == ""INSTINCT_OBEDIENCE""","","","","","","","","","","","","","","","","","","","","","","","","","","","COMPOSITE","OBEDIENCE_INSTINCT","COMPOSITE_DAILY","原稿から整理; 文章改変なし"
"PRD_COMPOSITE_DAILY_COMPOSITE_OBEDIENCE_INSTINCT_003","COMPOSITE","","","","夕方だよ。なんだろう。この……尽くす喜び……。","","","","PRD_COMPOSITE_DAILY_COMPOSITE_OBEDIENCE_INSTINCT_003","1","3","Reaction","","PsychologyState == ""INSTINCT_OBEDIENCE""","","","","","","","","","","","","","","","","","","","","","","","","","","","COMPOSITE","OBEDIENCE_INSTINCT","COMPOSITE_DAILY","原稿から整理; 文章改変なし"
"PRD_COMPOSITE_DAILY_COMPOSITE_OBEDIENCE_INSTINCT_003","COMPOSITE","","","","猫としてのプライドを捨てて、{{PLAYER_CALLING}}に見下されてる時の気持ちよさ……！","","","","PRD_COMPOSITE_DAILY_COMPOSITE_OBEDIENCE_INSTINCT_003","2","3","Reaction","","PsychologyState == ""INSTINCT_OBEDIENCE""","","","","","","","","","","","","","","","","","","","","","","","","","","","COMPOSITE","OBEDIENCE_INSTINCT","COMPOSITE_DAILY","原稿から整理; 文章改変なし"
"PRD_COMPOSITE_DAILY_COMPOSITE_OBEDIENCE_INSTINCT_004","COMPOSITE","","","","日記を書くの？……命令されたら、{{PLAYER_CALLING}}のために日記も書きたいんだけど……。","","","","PRD_COMPOSITE_DAILY_COMPOSITE_OBEDIENCE_INSTINCT_004","1","4","Reaction","","PsychologyState == ""INSTINCT_OBEDIENCE""","","","","","","","","","","","","","","","","","","","","","","","","","","","COMPOSITE","OBEDIENCE_INSTINCT","COMPOSITE_DAILY","原稿から整理; 文章改変なし"
"PRD_COMPOSITE_DAILY_COMPOSITE_OBEDIENCE_INSTINCT_004","COMPOSITE","","","","流石にタブレットは使いこなせなくて……。","","","","PRD_COMPOSITE_DAILY_COMPOSITE_OBEDIENCE_INSTINCT_004","2","4","Reaction","","PsychologyState == ""INSTINCT_OBEDIENCE""","","","","","","","","","","","","","","","","","","","","","","","","","","","COMPOSITE","OBEDIENCE_INSTINCT","COMPOSITE_DAILY","原稿から整理; 文章改変なし"
"PRD_SPECIAL_PERIOD_ESTRUS_INSTINCT_HIGH_001","ESTRUS","","","","ねぇ{{PLAYER_CALLING}}……すごく切ないんだ……。","","","","PRD_SPECIAL_PERIOD_ESTRUS_INSTINCT_HIGH_001","1","1","Reaction","","During estrus && Instinct >= 70","","","","","","","","","","","","","","","","","","","","","","","","","PRD_ESTRUS_INSTINCT_HIGH","","ESTRUS","INSTINCT_HIGH","SPECIAL_PERIOD","原稿から整理; 文章改変なし"
"PRD_SPECIAL_PERIOD_ESTRUS_INSTINCT_HIGH_001","ESTRUS","","","","ちょっとだけ付き合ってくれるよね？","","","","PRD_SPECIAL_PERIOD_ESTRUS_INSTINCT_HIGH_001","2","1","Reaction","","During estrus && Instinct >= 70","","","","","","","","","","","","","","","","","","","","","","","","","PRD_ESTRUS_INSTINCT_HIGH","","ESTRUS","INSTINCT_HIGH","SPECIAL_PERIOD","原稿から整理; 文章改変なし"
"PRD_SPECIAL_PERIOD_ESTRUS_INSTINCT_HIGH_001","ESTRUS","","","","{{PLAYER_CALLING}}、すごく嬉しかった。またお願いして良い？","","","","PRD_SPECIAL_PERIOD_ESTRUS_INSTINCT_HIGH_001","3","1","Reaction","","During estrus && Instinct >= 70","","","","","","","","","","","","","","","","","","","","","","","","","PRD_ESTRUS_INSTINCT_HIGH","","ESTRUS","INSTINCT_HIGH","SPECIAL_PERIOD","原稿から整理; 文章改変なし"
"PRD_SPECIAL_PERIOD_ESTRUS_INSTINCT_HIGH_001_113","ESTRUS","","","","そ、そんな……　こんなに期待させておいて！","","","","PRD_SPECIAL_PERIOD_ESTRUS_INSTINCT_HIGH_001_113","1","1","Reaction","","During estrus && Instinct >= 70","","","","","","","","","","","","","","","","","","","","","","","","","","","ESTRUS","INSTINCT_HIGH","SPECIAL_PERIOD","原稿から整理; 文章改変なし"
"PRD_SPECIAL_PERIOD_ESTRUS_INSTINCT_HIGH_001_113","ESTRUS","","","","……いや、ごめん。ちゃんと我慢する。","","","","PRD_SPECIAL_PERIOD_ESTRUS_INSTINCT_HIGH_001_113","2","1","Reaction","","During estrus && Instinct >= 70","","","","","","","","","","","","","","","","","","","","","","","","","","","ESTRUS","INSTINCT_HIGH","SPECIAL_PERIOD","原稿から整理; 文章改変なし"
"PRD_SPECIAL_PERIOD_ESTRUS_INSTINCT_HIGH_001_113","ESTRUS","","","","さあ、今日は何しよっか……！","","","","PRD_SPECIAL_PERIOD_ESTRUS_INSTINCT_HIGH_001_113","3","1","Reaction","","During estrus && Instinct >= 70","","","","","","","","","","","","","","","","","","","","","","","","","","","ESTRUS","INSTINCT_HIGH","SPECIAL_PERIOD","原稿から整理; 文章改変なし"
"PRD_SPECIAL_PERIOD_ESTRUS_INSTINCT_LOW_001","ESTRUS","","","","ごめん、{{PLAYER_CALLING}}、発情期っていうんだっけ？それが来ちゃったからさ……。","","","","PRD_SPECIAL_PERIOD_ESTRUS_INSTINCT_LOW_001","1","1","Reaction","","During estrus && Instinct < 70","","","","","","","","","","","","","","","","","","","","","","","","","","","ESTRUS","INSTINCT_LOW","SPECIAL_PERIOD","原稿から整理; 文章改変なし"
"PRD_SPECIAL_PERIOD_ESTRUS_INSTINCT_LOW_001","ESTRUS","","","","ちょっと数日間そっとしておいてくれるかな。","","","","PRD_SPECIAL_PERIOD_ESTRUS_INSTINCT_LOW_001","2","1","Reaction","","During estrus && Instinct < 70","","","","","","","","","","","","","","","","","","","","","","","","","","","ESTRUS","INSTINCT_LOW","SPECIAL_PERIOD","原稿から整理; 文章改変なし"
"PRD_SPECIAL_PERIOD_ESTRUS_INSTINCT_LOW_001","ESTRUS","","","","大丈夫。{{PLAYER_CALLING}}には迷惑かけないから……。","","","","PRD_SPECIAL_PERIOD_ESTRUS_INSTINCT_LOW_001","3","1","Reaction","","During estrus && Instinct < 70","","","","","","","","","","","","","","","","","","","","","","","","","","","ESTRUS","INSTINCT_LOW","SPECIAL_PERIOD","原稿から整理; 文章改変なし"
"PRD_SPECIAL_PATTERN_SPECIAL_PATTERN_MATING_001","こうびしよう","","","","い、今だけはその話やめて！","","","","PRD_SPECIAL_PATTERN_SPECIAL_PATTERN_MATING_001","1","1","Reaction","","","","","","","","","","","","","","","","","","","","","","","","","","","","","SPECIAL_PATTERN","MATING","SPECIAL_PATTERN","原稿から整理; 文章改変なし"
"PRD_SPECIAL_PATTERN_SPECIAL_PATTERN_MATING_001_116","こうびしよう","","","","その話、今じゃなきゃダメ！？","","","","PRD_SPECIAL_PATTERN_SPECIAL_PATTERN_MATING_001_116","1","1","Reaction","","","","","","","","","","","","","","","","","","","","","","","","","","","","","SPECIAL_PATTERN","MATING","SPECIAL_PATTERN","原稿から整理; 文章改変なし"
"PRD_SPECIAL_PATTERN_SPECIAL_PATTERN_MATING_001_117","こうびしよう","","","","やめてったら！{{PLAYER_CALLING}}にそんなことしたくない！","","","","PRD_SPECIAL_PATTERN_SPECIAL_PATTERN_MATING_001_117","1","1","Reaction","","","","","","","","","","","","","","","","","","","","","","","","","","","","","SPECIAL_PATTERN","MATING","SPECIAL_PATTERN","原稿から整理; 文章改変なし"
"PRD_SPECIAL_PATTERN_SPECIAL_PATTERN_MATING_001_118","こうびしよう","","","","……やだ。へんたい。","","","","PRD_SPECIAL_PATTERN_SPECIAL_PATTERN_MATING_001_118","1","1","Reaction","","","","","","","","","","","","","","","","","","","","","","","","","","","","","SPECIAL_PATTERN","MATING","SPECIAL_PATTERN","原稿から整理; 文章改変なし"
"PRD_SPECIAL_PATTERN_SPECIAL_PATTERN_MATING_001_119","こうびしよう","","","","なんでまだその話するの！？さっき{{PLAYER_CALLING}}はフラれたんだよ！？","","","","PRD_SPECIAL_PATTERN_SPECIAL_PATTERN_MATING_001_119","1","1","Reaction","","","","","","","","","","","","","","","","","","","","","","","","","","","","","SPECIAL_PATTERN","MATING","SPECIAL_PATTERN","原稿から整理; 文章改変なし"
"PRD_SPECIAL_PATTERN_SPECIAL_PATTERN_MATING_001_119","こうびしよう","","","","気持ちは変わりません！ダメです！","","","","PRD_SPECIAL_PATTERN_SPECIAL_PATTERN_MATING_001_119","2","1","Reaction","","","","","","","","","","","","","","","","","","","","","","","","","","","","","SPECIAL_PATTERN","MATING","SPECIAL_PATTERN","原稿から整理; 文章改変なし"
"PRD_SPECIAL_PATTERN_SPECIAL_PATTERN_MATING_001_120","こうびしよう","","","","もう！しつこい！{{PLAYER_CALLING}}は人間相手にもそのくらい積極的なの！？もう返事してあげない！","","","","PRD_SPECIAL_PATTERN_SPECIAL_PATTERN_MATING_001_120","1","1","Reaction","","","","","","","","","","","","","","","","","","","","","","","","","","","","","SPECIAL_PATTERN","MATING","SPECIAL_PATTERN","原稿から整理; 文章改変なし"
"PRD_SPECIAL_PATTERN_SPECIAL_PATTERN_MATING_001_121","こうびしよう","","","","……。","","","","PRD_SPECIAL_PATTERN_SPECIAL_PATTERN_MATING_001_121","1","1","Reaction","","","","","","","","","","","","","","","","","","","","","","","","","","","","","SPECIAL_PATTERN","MATING","SPECIAL_PATTERN","原稿から整理; 文章改変なし"
"PRD_SPECIAL_PATTERN_SPECIAL_PATTERN_MATING_001_122","こうびしよう","","","","……。","","","","PRD_SPECIAL_PATTERN_SPECIAL_PATTERN_MATING_001_122","1","1","Reaction","","","","","","","","","","","","","","","","","","","","","","","","","","","","","SPECIAL_PATTERN","MATING","SPECIAL_PATTERN","原稿から整理; 文章改変なし"
"PRD_SPECIAL_PATTERN_SPECIAL_PATTERN_MATING_001_123","こうびしよう","","","","……。","","","","PRD_SPECIAL_PATTERN_SPECIAL_PATTERN_MATING_001_123","1","1","Reaction","","","","","","","","","","","","","","","","","","","","","","","","","","","","","SPECIAL_PATTERN","MATING","SPECIAL_PATTERN","原稿から整理; 文章改変なし"
"PRD_SPECIAL_PATTERN_SPECIAL_PATTERN_MATING_001_124","こうびしよう","","","","……。本当に、相手してくれるの？嫌いにならない？","","","","PRD_SPECIAL_PATTERN_SPECIAL_PATTERN_MATING_001_124","1","1","Reaction","","","","","","","","","","","","","","","","","","","","","","","","","","","","","SPECIAL_PATTERN","MATING","SPECIAL_PATTERN","原稿から整理; 文章改変なし"
"PRD_SPECIAL_PATTERN_SPECIAL_PATTERN_MATING_001_124","こうびしよう","","","","よ、よろしくお願いいたします……。","","","","PRD_SPECIAL_PATTERN_SPECIAL_PATTERN_MATING_001_124","2","1","Reaction","","","","","","","","","","","","","","","","","","","","","","","","","","","","","SPECIAL_PATTERN","MATING","SPECIAL_PATTERN","原稿から整理; 文章改変なし"
"PRD_SPECIAL_PATTERN_SPECIAL_PATTERN_MATING_001_125","こうびしよう","","","","ありがと……。怪我してない？嫌じゃなかった？","","","","PRD_SPECIAL_PATTERN_SPECIAL_PATTERN_MATING_001_125","1","1","Reaction","","","","","","","","","","","","","","","","","","","","","","","","","","","","","SPECIAL_PATTERN","MATING","SPECIAL_PATTERN","原稿から整理; 文章改変なし"
