id,input,regex_jp,regex_zh,regex_en,output_ja,output_zh,output_en,alt,regex_id,pattern,order,response_type,action_id,condition,SpeechControl,emotion_change_type,emotion_change_value,WaitTime,HideUI,Animation,Priority,call_only,choice_yes_pattern,choice_no_pattern
2201,猫ふんじゃった,ねこふんじゃった,,,そういう曲があるんだね。猫としてはだいぶ嫌な曲だね……。そんなに明るく嫌なことを歌わないで欲しい。,,,,series_nekofunjatta,1,0,Normal,,,Random,,0,0,false,,10,false,,
2201,猫ふんじゃった,ねこふんじゃった,,,あ、今の{{PLAYER_CALLING}}は好きなだけ踏んでいいよ。,,,,series_nekofunjatta,1,1,Normal,,,Random,,0,0,false,,10,false,,
2201,猫ふんじゃった,ねこふんじゃった,,,なんてったって、そんな身長じゃ踏まれても全く痛くないからね！,,,,series_nekofunjatta,1,2,Normal,,,Random,,0,0,false,,10,false,,
2202,現場猫,げんばねこ,,,げんば……？なあに、それ？,,,,series_genbaneko,1,0,Normal,,,Random,,0,0,false,,10,false,,
2202,現場猫,げんばねこ,,,そういうキャラクターがいるんだ。,,,,series_genbaneko,1,1,Normal,,,Random,,0,0,false,,10,false,,
2202,現場猫,げんばねこ,,,え？ヨシ！って言えばいいの？,,,,series_genbaneko,1,2,Normal,,,Random,,0,0,false,,10,false,,
2202,現場猫,げんばねこ,,,ヨシ！　……これ、何を確認したの？,,,,series_genbaneko,1,3,Normal,,,Random,,0,0,false,,10,false,,
2203,タマモキャット,たまもきゃっと,,,ん――？（脳が理解を拒んでいる）,,,,series_tamamocat,1,0,Normal,,,Random,,0,0,false,,10,false,,
2204,メン・イン・キャット,めんいんきゃっと,,,メン・イン・キャットって何？,,,,series_meninkyatto,1,0,Normal,,,Random,,0,0,false,,10,false,,
2204,メン・イン・キャット,めんいんきゃっと,,,へぇ、メン・イン・キャットっていう作品があるんだ。,,,,series_meninkyatto,1,1,Normal,,,Random,,0,0,false,,10,false,,
2204,メン・イン・キャット,めんいんきゃっと,,,人間が猫になる話？そうなんだ……。,,,,series_meninkyatto,1,2,Normal,,,Random,,0,0,false,,10,false,,
2204,メン・イン・キャット,めんいんきゃっと,,,内容は知らないけど、猫にあこがれるのも無理はないね！,,,,series_meninkyatto,1,3,Normal,,,Random,,0,0,false,,10,false,,
2205,吾輩は猫である,わがはいはねこである,我是猫,I Am a Cat,急にどうしたの？{{PLAYER_CALLING}}は猫じゃないでしょ？,,,,series_wagahaihanekodearu,1,0,Normal,,,Random,,0,0,false,,10,false,,
2205,吾輩は猫である,わがはいはねこである,我是猫,I Am a Cat,あぁ、そういう話があるんだ。へぇ～,,,,series_wagahaihanekodearu,1,1,Normal,,,Random,,0,0,false,,10,false,,
2205,吾輩は猫である,わがはいはねこである,我是猫,I Am a Cat,えっと？猫がセミを捕まえたりする話？　え、本当に？説明合ってる？,,,,series_wagahaihanekodearu,1,2,Normal,,,Random,,0,0,false,,10,false,,
2206,にゃんこ先生,にゃんこせんせい,,,先生ではないよ？急にどうしたの？,,,,series_nyankosensei,1,0,Normal,,,Random,,0,0,false,,10,false,,
2206,にゃんこ先生,にゃんこせんせい,,,ああ、そういう名前のキャラクターがいるんだね。,,,,series_nyankosensei,1,1,Normal,,,Random,,0,0,false,,10,false,,
2206,にゃんこ先生,にゃんこせんせい,,,他にも妖怪がいっぱい出るんだ！新入り妖怪としては見逃せないね！,,,,series_nyankosensei,1,2,Normal,,,Random,,0,0,false,,10,false,,
2207,アイルー,あいるー,,,アイルーって何？,,,,series_airu,1,0,Normal,,,Random,,0,0,false,,10,false,,
2207,アイルー,あいるー,,,へぇ、そういうキャラクターなんだ。,,,,series_airu,1,1,Normal,,,Random,,0,0,false,,10,false,,
2207,アイルー,あいるー,,,……二足歩行で喋れて戦える猫？,,,,series_airu,1,2,Normal,,,Random,,0,0,false,,10,false,,
2207,アイルー,あいるー,,,{{CAT_PRONOUN}}がいうのも変だけど、かなり妖怪じゃない？,,,,series_airu,1,3,Normal,,,Random,,0,0,false,,10,false,,
2208,メラルー,めらるー,,,メラルーって何？,,,,series_meraru,1,0,Normal,,,Random,,0,0,false,,10,false,,
2208,メラルー,めらるー,,,へぇ、そういうキャラクターなんだ。,,,,series_meraru,1,1,Normal,,,Random,,0,0,false,,10,false,,
2208,メラルー,めらるー,,,……二足歩行で喋れて戦える猫？,,,,series_meraru,1,2,Normal,,,Random,,0,0,false,,10,false,,
2208,メラルー,めらるー,,,{{CAT_PRONOUN}}がいうのも変だけど、かなり妖怪じゃない？,,,,series_meraru,1,3,Normal,,,Random,,0,0,false,,10,false,,
2209,ボナール,(ぼにゃーる|ぼなーる),,,ぼなーるって何？,,,,series_bonyaru_or_bonaru,1,0,Normal,,,Random,,0,0,false,,10,false,,
2209,ボナール,(ぼにゃーる|ぼなーる),,,……白い猫っていう、猫が伸びをしてる時の絵が有名な画家なんだ。,,,,series_bonyaru_or_bonaru,1,1,Normal,,,Random,,0,0,false,,10,false,,
2209,ボナール,(ぼにゃーる|ぼなーる),,,そんなの見て何が面白いの？{{CAT_PRONOUN}}には分からないや。,,,,series_bonyaru_or_bonaru,1,2,Normal,,,Random,,0,0,false,,10,false,,
2209,ボナール,(ぼにゃーる|ぼなーる),,,え？伸びしてほしいの？いいよ。,,,,series_bonyaru_or_bonaru,1,3,Normal,,,Random,,0,0,false,,10,false,,
2209,ボナール,(ぼにゃーる|ぼなーる),,,どう？絵になる？,,,,series_bonyaru_or_bonaru,1,4,Normal,,,Random,,0,0,false,,10,false,,
2210,長靴をはいた猫,ながぐつをはいたねこ,,,長靴をはいた猫って何？,,,,series_nagagutsuwohaitaneko,1,0,Normal,,,Random,,0,0,false,,10,false,,
2210,長靴をはいた猫,ながぐつをはいたねこ,,,へぇ、そういう童話なんだ！その話の猫は、ずいぶん賢いんだね！それにすごく飼い主想いだ！,,,,series_nagagutsuwohaitaneko,1,1,Normal,,,Random,,0,0,false,,10,false,,
2210,長靴をはいた猫,ながぐつをはいたねこ,,,{{CAT_PRONOUN}}も賢くなって、{{PLAYER_CALLING}}のために頑張るからね！,,,,series_nagagutsuwohaitaneko,1,2,Normal,,,Random,,0,0,false,,10,false,,
2211,どこでもいっしょ,どこでもいっしょ,,,どこでもいっしょって何？,,,,series_dokodemoissho,1,0,Normal,,,Random,,0,0,false,,10,false,,
2211,どこでもいっしょ,どこでもいっしょ,,,……言葉を教えるゲームなんだ！猫に言葉を教えられるんだね。,,,,series_dokodemoissho,1,1,Normal,,,Random,,0,0,false,,10,false,,
2211,どこでもいっしょ,どこでもいっしょ,,,負けないように、{{CAT_PRONOUN}}も頑張って言葉を覚えよう！,,,,series_dokodemoissho,1,2,Normal,,,Random,,0,0,false,,10,false,,
2212,井上トロ,いのうえとろ,,,……言葉を教えるゲームなんだ！猫に言葉を教えられるんだね。,,,,series_inouetoro,1,0,Normal,,,Random,,0,0,false,,10,false,,
2212,井上トロ,いのうえとろ,,,負けないように、{{CAT_PRONOUN}}も頑張って言葉を覚えよう！,,,,series_inouetoro,1,1,Normal,,,Random,,0,0,false,,10,false,,
2213,ウォーリアーズ,うぉーりあーず,,,ウォーリアーズって何？,,,,series_woriazu,1,0,Normal,,,Random,,0,0,false,,10,false,,
2213,ウォーリアーズ,うぉーりあーず,,,野生の猫が群れを作って暮らす話？,,,,series_woriazu,1,1,Normal,,,Random,,0,0,false,,10,false,,
2213,ウォーリアーズ,うぉーりあーず,,,なんで群れるんだろう？ライオンみたいにしてるのかな。,,,,series_woriazu,1,2,Normal,,,Random,,0,0,false,,10,false,,
2213,ウォーリアーズ,うぉーりあーず,,,……えっ！？飼い猫って腰抜け扱いなの！？,,,,series_woriazu,1,3,Normal,,,Random,,0,0,false,,10,false,,
2213,ウォーリアーズ,うぉーりあーず,,,飼い猫だって大変なんだぞ！ほら……{{PLAYER_CALLING}}を守ったり！,,,,series_woriazu,1,4,Normal,,,Random,,0,0,false,,10,false,,
2214,迷い猫オーバーラン,まよいねこおーばーらん,,,ま、まよ？なんなのそれ？,,,,series_mayoinekoobaran,1,0,Normal,,,Random,,0,0,false,,10,false,,
2214,迷い猫オーバーラン,まよいねこおーばーらん,,,……そういう話があるんだ！,,,,series_mayoinekoobaran,1,1,Normal,,,Random,,0,0,false,,10,false,,
2214,迷い猫オーバーラン,まよいねこおーばーらん,,,……もしかしてだけど{{PLAYER_CALLING}}って、猫の魅力って耳と尻尾にしか無いと思ってない？違うよね……？,,,,series_mayoinekoobaran,1,2,Normal,,,Random,,0,0,false,,10,false,,
2215,聖なるズー,せいなるずー,,,聖なるズーって何？,,,,series_seinaruzu,1,0,Normal,,,Random,,0,0,false,,10,false,,
2215,聖なるズー,せいなるずー,,,へぇ、動物と本気で恋愛する人の話なんだ。,,,,series_seinaruzu,1,1,Normal,,,Random,,0,0,false,,10,false,,
2215,聖なるズー,せいなるずー,,,……{{CAT_PRONOUN}}はどう思うかって？,,,,series_seinaruzu,1,2,Normal,,,Random,,0,0,false,,10,false,,
2215,聖なるズー,せいなるずー,,,他の動物たちのことについては何とも言えないけど……。,,,,series_seinaruzu,1,3,Normal,,,Random,,0,0,false,,10,false,,
2215,聖なるズー,せいなるずー,,,{{PLAYER_CALLING}}との子猫が欲しいかっていう質問なら……。,,,,series_seinaruzu,1,4,Normal,,,Random,,0,0,false,,10,false,,
2215,聖なるズー,せいなるずー,,,まあ……欲しい、かな……。,,,,series_seinaruzu,1,5,Normal,,,Random,,0,0,false,,10,false,,
2216,けものフレンズ,けものふれんず,,,けものフレンズって何？,,,,series_kemonofurenzu,1,0,Normal,,,Random,,0,0,false,,10,false,,
2216,けものフレンズ,けものふれんず,,,へぇ、動物が人間みたいに変身して、それで色んな子と友達になれるんだ。,,,,series_kemonofurenzu,1,1,Normal,,,Random,,0,0,false,,10,false,,
2216,けものフレンズ,けものふれんず,,,{{CAT_PRONOUN}}も{{PLAYER_CALLING}}と色んなことを話せて、いろんな発見がある。,,,,series_kemonofurenzu,1,2,Normal,,,Random,,0,0,false,,10,false,,
2216,けものフレンズ,けものふれんず,,,友達になれるって良いことだね！,,,,series_kemonofurenzu,1,3,Normal,,,Random,,0,0,false,,10,false,,
2217,アルジャーノンに花束を,あるじゃーのんにはなたばを,,,アルジャーノンに花束をって、何？,,,,series_arujanonnihanatabawo,1,0,Normal,,,Random,,0,0,false,,10,false,,
2217,アルジャーノンに花束を,あるじゃーのんにはなたばを,,,へぇ、頭の中の悪い病気を、手術で治した人間の話なんだ。頭の良いネズミも出てくるんだね。,,,,series_arujanonnihanatabawo,1,1,Normal,,,Random,,0,0,false,,10,false,,
2217,アルジャーノンに花束を,あるじゃーのんにはなたばを,,,え？{{CAT_PRONOUN}}は幸せかって？,,,,series_arujanonnihanatabawo,1,2,Normal,,,Random,,0,0,false,,10,false,,
2217,アルジャーノンに花束を,あるじゃーのんにはなたばを,,,もちろん！って、言いたいけど……。,,,,series_arujanonnihanatabawo,1,3,Normal,,,Random,,0,0,false,,10,false,,
2217,アルジャーノンに花束を,あるじゃーのんにはなたばを,,,確かに、知りたくなかったこともあったね。話せるようになって、{{PLAYER_CALLING}}の{{CAT_PRONOUN}}への話し方も変わっちゃったし。,,,,series_arujanonnihanatabawo,1,4,Normal,,,Random,,0,0,false,,10,false,,
2217,アルジャーノンに花束を,あるじゃーのんにはなたばを,,,でも多分、幸せだよ。{{PLAYER_CALLING}}もずっと元気でいてね。,,,,series_arujanonnihanatabawo,1,5,Normal,,,Random,,0,0,false,,10,false,,
2218,キャットバスターズ,(きゃっとばすたーず|きゃとばす),,,キャットバスターズって何？,,,,series_kyattobasutazu,1,0,Normal,,,Random,,0,0,false,,10,false,,
2218,キャットバスターズ,(きゃっとばすたーず|きゃとばす),,,猫しか出てこないゲームなんだ。,,,,series_kyattobasutazu,1,1,Normal,,,Random,,0,0,false,,10,false,,
2218,キャットバスターズ,(きゃっとばすたーず|きゃとばす),,,えっと？猫を投げ飛ばしてネズミとかと戦わせるって……みんなちゃんと言う事聞くの？,,,,series_kyattobasutazu,1,2,Normal,,,Random,,0,0,false,,10,false,,
2218,キャットバスターズ,(きゃっとばすたーず|きゃとばす),,,……ずいぶんと働き者の猫たちなんだね！,,,,series_kyattobasutazu,1,3,Normal,,,Random,,0,0,false,,10,false,,
2219,橙,ちぇん,,,橙って何？,,,,series_chen,1,0,Normal,,,Random,,0,0,false,,10,false,,
2219,橙,ちぇん,,,へぇ、東方っていうゲームのキャラクターなんだ！,,,,series_chen,1,1,Normal,,,Random,,0,0,false,,10,false,,
2219,橙,ちぇん,,,尻尾が２本ってことは、{{CAT_PRONOUN}}の先輩だね！……え？猫又じゃなくて、化け猫の妖怪？,,,,series_chen,1,2,Normal,,,Random,,0,0,false,,10,false,,
2219,橙,ちぇん,,,……な、何が違うの！？,,,,series_chen,1,3,Normal,,,Random,,0,0,false,,10,false,,
2220,火焔猫燐,かえんびょうりん,,,火焔猫燐って何？,,,,series_kaenbyourin,1,0,Normal,,,Random,,0,0,false,,10,false,,
2220,火焔猫燐,かえんびょうりん,,,へぇ、東方っていうゲームのキャラクターなんだ！,,,,series_kaenbyourin,1,1,Normal,,,Random,,0,0,false,,10,false,,
2220,火焔猫燐,かえんびょうりん,,,尻尾が２本ってことは、{{CAT_PRONOUN}}の先輩だね！……え？猫又じゃなくて、死体を持ち去る火車っていう妖怪……？　さ、さすがに先輩ではなかったみたい！,,,,series_kaenbyourin,1,2,Normal,,,Random,,0,0,false,,10,false,,
2221,豪徳寺ミケ,ごうとくじみけ,,,豪徳寺ミケって何？,,,,series_goutokujimike,1,0,Normal,,,Random,,0,0,false,,10,false,,
2221,豪徳寺ミケ,ごうとくじみけ,,,へぇ、東方っていうゲームの招き猫のキャラクターなんだ！,,,,series_goutokujimike,1,1,Normal,,,Random,,0,0,false,,10,false,,
2221,豪徳寺ミケ,ごうとくじみけ,,,招き猫って何？,,,,series_goutokujimike,1,2,Normal,,,Random,,0,0,false,,10,false,,
2221,豪徳寺ミケ,ごうとくじみけ,,,人とかお金を招く縁起物？そうなんだ！,,,,series_goutokujimike,1,3,Normal,,,Random,,0,0,false,,10,false,,
2221,豪徳寺ミケ,ごうとくじみけ,,,それって、かわいい猫のいる家には人が集まってくるって意味でしょ？　……違った？,,,,series_goutokujimike,1,4,Normal,,,Random,,0,0,false,,10,false,,
2222,トムとジェリー,とむとじぇりー,,,トムとジェリーって何？,,,,series_tomutojeri,1,0,Normal,,,Random,,0,0,false,,10,false,,
2222,トムとジェリー,とむとじぇりー,,,へぇ、ネズミを捕まえようとする猫の話なんだ。もちろん猫が勝つんだよね！,,,,series_tomutojeri,1,1,Normal,,,Random,,0,0,false,,10,false,,
2222,トムとジェリー,とむとじぇりー,,,えー！ネズミが勝つの！？そんなわけないでしょー！,,,,series_tomutojeri,1,2,Normal,,,Random,,0,0,false,,10,false,,
2222,トムとジェリー,とむとじぇりー,,,それって、{{PLAYER_CALLING}}が{{CAT_PRONOUN}}のことやっつけるようなものでしょ？無理無理！,,,,series_tomutojeri,1,3,Normal,,,Random,,0,0,false,,10,false,,
2222,トムとジェリー,とむとじぇりー,,,……まあ、{{CAT_PRONOUN}}は本物のネズミなんて見たこと無いけど。,,,,series_tomutojeri,1,4,Normal,,,Random,,0,0,false,,10,false,,
2222,トムとジェリー,とむとじぇりー,,,本物のネズミは猫を余裕で倒しちゃうのかな……ちょっと怖くなってきた。,,,,series_tomutojeri,1,5,Normal,,,Random,,0,0,false,,10,false,,
2223,ジェットパックキャット,(じぇっとぱっくきゃっと|ふぃーか),,,ジェットパックキャットって何？,,,,series_jettopakkukyatto_or_fika,1,0,Normal,,,Random,,0,0,false,,10,false,,
2223,ジェットパックキャット,(じぇっとぱっくきゃっと|ふぃーか),,,へぇ、ゲームに出てくる猫なんだ！,,,,series_jettopakkukyatto_or_fika,1,1,Normal,,,Random,,0,0,false,,10,false,,
2223,ジェットパックキャット,(じぇっとぱっくきゃっと|ふぃーか),,,ジェットパックで空を飛んでる……？怖くないのかな。,,,,series_jettopakkukyatto_or_fika,1,2,Normal,,,Random,,0,0,false,,10,false,,
2223,ジェットパックキャット,(じぇっとぱっくきゃっと|ふぃーか),,,しかも撃たれたりするの！？怖すぎるって！,,,,series_jettopakkukyatto_or_fika,1,3,Normal,,,Random,,0,0,false,,10,false,,
2224,ユーミ,ゆーみ,,,ユーミって何？,,,,series_yumi,1,0,Normal,,,Random,,0,0,false,,10,false,,
2224,ユーミ,ゆーみ,,,へぇ、ゲームに出てくる猫なんだ！,,,,series_yumi,1,1,Normal,,,Random,,0,0,false,,10,false,,
2224,ユーミ,ゆーみ,,,可愛くて、みんなに愛されてるんだろうね！,,,,series_yumi,1,2,Normal,,,Random,,0,0,false,,10,false,,
2224,ユーミ,ゆーみ,,,……えっ？嫌われてるの？猫なのに！？嘘だよね！？,,,,series_yumi,1,3,Normal,,,Random,,0,0,false,,10,false,,
2225,ルーニー・テューンズ,(るーにーてゅーんず|とぅいーてぃー|とぅいてぃー|しるべすたー),,,{{PLAYER_INPUT}}って何？,,,,series_runiteyunzu_or_tuiti_or_tuiti_or_shirubesuta,1,0,Normal,,,Random,,0,0,false,,10,false,,
2225,ルーニー・テューンズ,(るーにーてゅーんず|とぅいーてぃー|とぅいてぃー|しるべすたー),,,へえ、ルーニーテューンズっていう話の中で、カナリアと猫が出てくる話があるんだ！,,,,series_runiteyunzu_or_tuiti_or_tuiti_or_shirubesuta,1,1,Normal,,,Random,,0,0,false,,10,false,,
2225,ルーニー・テューンズ,(るーにーてゅーんず|とぅいーてぃー|とぅいてぃー|しるべすたー),,,もちろん、猫が勝つんだよね？,,,,series_runiteyunzu_or_tuiti_or_tuiti_or_shirubesuta,1,2,Normal,,,Random,,0,0,false,,10,false,,
2225,ルーニー・テューンズ,(るーにーてゅーんず|とぅいーてぃー|とぅいてぃー|しるべすたー),,,えー！猫がいつも負けてるのー！？猫、不器用なのかな……。,,,,series_runiteyunzu_or_tuiti_or_tuiti_or_shirubesuta,1,3,Normal,,,Random,,0,0,false,,10,false,,
2225,ルーニー・テューンズ,(るーにーてゅーんず|とぅいーてぃー|とぅいてぃー|しるべすたー),,,え？捕まえる以外はだいたいなんでもできる？じゃあ、すごいのはカナリヤの方か……。,,,,series_runiteyunzu_or_tuiti_or_tuiti_or_shirubesuta,1,4,Normal,,,Random,,0,0,false,,10,false,,
2226,チーズスイートホーム,ちーずすいーとほーむ,,,チーズスイートホームって何？,,,,series_chizusuitohomu,1,0,Normal,,,Random,,0,0,false,,10,false,,
2226,チーズスイートホーム,ちーずすいーとほーむ,,,チーっていう子猫とその飼い主たちの話なんだ！,,,,series_chizusuitohomu,1,1,Normal,,,Random,,0,0,false,,10,false,,
2226,チーズスイートホーム,ちーずすいーとほーむ,,,子猫の間はねぇ、何もかもが新鮮で面白くて怖くて、何にでも飛びついちゃう。それでいて気移りなものなんだよね。思い出すとちょっと恥ずかしいなあ……,,,,series_chizusuitohomu,1,2,Normal,,,Random,,0,0,false,,10,false,,
2227,猫天,ねこてん,,,猫天って何？,,,,series_nekoten,1,0,Normal,,,Random,,0,0,false,,10,false,,
2227,猫天,ねこてん,,,猫と喋って、一緒に戦う話なんだ！猫と人が揃うと不思議な力が使えるようになると……。,,,,series_nekoten,1,1,Normal,,,Random,,0,0,false,,10,false,,
2227,猫天,ねこてん,,,どう？{{CAT_PRONOUN}}と{{PLAYER_CALLING}}もいい相棒かな？,,,,series_nekoten,1,2,Normal,,,Random,,0,0,false,,10,false,,
2228,江の島ワイキキ食堂,えのしまわいききしょくどう,,,江の島ワイキキ食堂って何？,,,,series_enoshimawaikikishokudou,1,0,Normal,,,Random,,0,0,false,,10,false,,
2228,江の島ワイキキ食堂,えのしまわいききしょくどう,,,へぇ～、人の言葉が喋れるオードリーっていう猫の話なんだ！,,,,series_enoshimawaikikishokudou,1,1,Normal,,,Random,,0,0,false,,10,false,,
2228,江の島ワイキキ食堂,えのしまわいききしょくどう,,,喋れることは内緒にしてるんだ。何でだろう？,,,,series_enoshimawaikikishokudou,1,2,Normal,,,Random,,0,0,false,,10,false,,
2228,江の島ワイキキ食堂,えのしまわいききしょくどう,,,{{CAT_PRONOUN}}は喜んで{{PLAYER_CALLING}}に話しちゃった！えへへ～,,,,series_enoshimawaikikishokudou,1,3,Normal,,,Random,,0,0,false,,10,false,,
2229,デキる猫は今日も憂鬱,できるねこはきょうもゆううつ,,,デキる猫は今日も憂鬱って何？,,,,series_dekirunekohakyoumoyuuutsu,1,0,Normal,,,Random,,0,0,false,,10,false,,
2229,デキる猫は今日も憂鬱,できるねこはきょうもゆううつ,,,諭吉っていう大きな猫が人間の面倒を見る話なんだ！{{CAT_PRONOUN}}と似てる？,,,,series_dekirunekohakyoumoyuuutsu,1,1,Normal,,,Random,,0,0,false,,10,false,,
2229,デキる猫は今日も憂鬱,できるねこはきょうもゆううつ,,,……家事買い出し料理洗濯、近所の人間との交流……！？,,,,series_dekirunekohakyoumoyuuutsu,1,2,Normal,,,Random,,0,0,false,,10,false,,
2229,デキる猫は今日も憂鬱,できるねこはきょうもゆううつ,,,ごめんなさい似てませんでした。敵わないです……。,,,,series_dekirunekohakyoumoyuuutsu,1,3,Normal,,,Random,,0,0,false,,10,false,,
2230,キャッツ,きゃっつ,,,キャッツって何？,,,,series_kyattsu,1,0,Normal,,,Random,,0,0,false,,10,false,,
2230,キャッツ,きゃっつ,,,ミュージカル？えっと、人間が猫を演じるの？へぇ～なんだか凄そうだね。,,,,series_kyattsu,1,1,Normal,,,Random,,0,0,false,,10,false,,
2230,キャッツ,きゃっつ,,,まあ確かに、猫は犬と違うよ。,,,,series_kyattsu,1,2,Normal,,,Random,,0,0,false,,10,false,,
2230,キャッツ,きゃっつ,,,……え？本当の名前？な、ないよ？,,,,series_kyattsu,1,3,Normal,,,Random,,0,0,false,,10,false,,
2231,ジバニャン,じばにゃん,,,ジバニャンって何？,,,,series_jibanyan,1,0,Normal,,,Random,,0,0,false,,10,false,,
2231,ジバニャン,じばにゃん,,,地縛霊のジバニャンと、沢山の妖怪たちの話なんだ！猫又もいる？,,,,series_jibanyan,1,1,Normal,,,Random,,0,0,false,,10,false,,
2231,ジバニャン,じばにゃん,,,猫又どころか、猫王や猫神もいるんだ！,,,,series_jibanyan,1,2,Normal,,,Random,,0,0,false,,10,false,,
2231,ジバニャン,じばにゃん,,,……というか、猫に王様や神様が居るなんて知らなかったんだけど！？{{CAT_PRONOUN}}よりも偉い猫がいるの！？,,,,series_jibanyan,1,3,Normal,,,Random,,0,0,false,,10,false,,
2232,銀河鉄道の夜,ぎんがてつどうのよる,,,銀河鉄道の夜って何？,,,,series_gingatetsudounoyoru,1,0,Normal,,,Random,,0,0,false,,10,false,,
2232,銀河鉄道の夜,ぎんがてつどうのよる,,,友達と２人で、夜空を走る鉄道に乗る話？,,,,series_gingatetsudounoyoru,1,1,Normal,,,Random,,0,0,false,,10,false,,
2232,銀河鉄道の夜,ぎんがてつどうのよる,,,わお。すごいね！空を走る乗り物があるんだ！,,,,series_gingatetsudounoyoru,1,2,Normal,,,Random,,0,0,false,,10,false,,
2232,銀河鉄道の夜,ぎんがてつどうのよる,,,え？実際には無いの？そっかぁ……。,,,,series_gingatetsudounoyoru,1,3,Normal,,,Random,,0,0,false,,10,false,,
2233,注文の多い料理店,ちゅうもんのおおいりょうりてん,,,注文の多い料理店って何？,,,,series_chuumonnoooiryouriten,1,0,Normal,,,Random,,0,0,false,,10,false,,
2233,注文の多い料理店,ちゅうもんのおおいりょうりてん,,,へぇ～　ヤマネコが、人間２人を料理して食べようとする話？,,,,series_chuumonnoooiryouriten,1,1,Normal,,,Random,,0,0,false,,10,false,,
2233,注文の多い料理店,ちゅうもんのおおいりょうりてん,,,料理かぁ……{{PLAYER_CALLING}}の味は美味しいけど、料理したらもっと美味しくなるのかな？,,,,series_chuumonnoooiryouriten,1,2,Normal,,,Random,,0,0,false,,10,false,,
2233,注文の多い料理店,ちゅうもんのおおいりょうりてん,,,……どう？まずはクリームを塗り込んでみる？,,,,series_chuumonnoooiryouriten,1,3,Normal,,,Random,,0,0,false,,10,false,,
2234,Mewgenics,みゃおじぇに(っ)?くす,,,Mewgenicsって何？,,,,series_myaojenikkusu,1,0,Normal,,,Random,,0,0,false,,10,false,,
2234,Mewgenics,みゃおじぇにっくす,,,猫をいっぱい繁殖させて敵と戦うゲームなんだ。,,,,series_myaojenikkusu,1,1,Normal,,,Random,,0,0,false,,10,false,,
2234,Mewgenics,みゃおじぇにっくす,,,それはそれは可愛い猫がいっぱい……。,,,,series_myaojenikkusu,1,2,Normal,,,Random,,0,0,false,,10,false,,
2234,Mewgenics,みゃおじぇにっくす,,,え？違うの？猫で可愛くないなんてあり得るの？？,,,,series_myaojenikkusu,1,3,Normal,,,Random,,0,0,false,,10,false,,
2235,CATO,きゃとー,,,CATOって何？,,,,series_kyato,1,0,Normal,,,Random,,0,0,false,,10,false,,
2235,CATO,きゃとー,,,バターを塗ったパンを背負ったネコが無限に回転するゲーム？,,,,series_kyato,1,1,Normal,,,Random,,0,0,false,,10,false,,
2235,CATO,きゃとー,,,えっと、ごめん、何を言ってるの？,,,,series_kyato,1,2,Normal,,,Random,,0,0,false,,10,false,,
2236,ニャンキーズ,にゃんきーず,,,ニャンキーズって何？,,,,series_nyankizu,1,0,Normal,,,Random,,0,0,false,,10,false,,
2236,ニャンキーズ,にゃんきーず,,,ふりょーを猫に置き換えた話なんだ！,,,,series_nyankizu,1,1,Normal,,,Random,,0,0,false,,10,false,,
2236,ニャンキーズ,にゃんきーず,,,ふりょーって何？なんか可愛らしい言葉だね。,,,,series_nyankizu,1,2,Normal,,,Random,,0,0,false,,10,false,,
2236,ニャンキーズ,にゃんきーず,,,……ぜ、全然可愛らしくなかった！それを猫で表現したら可愛くなるってこと？,,,,series_nyankizu,1,3,Normal,,,Random,,0,0,false,,10,false,,
2237,のらくろ,のらくろ,,,のらくろって何？,,,,series_norakuro,1,0,Normal,,,Random,,0,0,false,,10,false,,
2237,のらくろ,のらくろ,,,すごく昔の猫の話なんだ～！昔ってどのくらい？{{CAT_PRONOUN}}たち生まれてた？,,,,series_norakuro,1,1,Normal,,,Random,,0,0,false,,10,false,,
2237,のらくろ,のらくろ,,,ふええ　もっともっと昔に書かれたんだあ……！,,,,series_norakuro,1,2,Normal,,,Random,,0,0,false,,10,false,,
2238,緑色の猫,みどりいろのねこ,,,緑色の猫って何？,,,,series_midoriirononeko,1,0,Normal,,,Random,,0,0,false,,10,false,,
2238,緑色の猫,みどりいろのねこ,,,猫型のエイリアンと人間の話？エイリアンって？,,,,series_midoriirononeko,1,1,Normal,,,Random,,0,0,false,,10,false,,
2238,緑色の猫,みどりいろのねこ,,,……えっ！？空のずっと向こうから来たの！？,,,,series_midoriirononeko,1,2,Normal,,,Random,,0,0,false,,10,false,,
2238,緑色の猫,みどりいろのねこ,,,すごいなあ！会ってみたい！,,,,series_midoriirononeko,1,3,Normal,,,Random,,0,0,false,,10,false,,
2239,キャットとアラバスターの石,きゃっととあらばすたーのいし,,,キャットとアラバスターの石って何？,,,,series_kyattotoarabasutanoishi,1,0,Normal,,,Random,,0,0,false,,10,false,,
2239,キャットとアラバスターの石,きゃっととあらばすたーのいし,,,猫に変身できる石を手に入れる話なんだ～！,,,,series_kyattotoarabasutanoishi,1,1,Normal,,,Random,,0,0,false,,10,false,,
2239,キャットとアラバスターの石,きゃっととあらばすたーのいし,,,{{PLAYER_CALLING}}も猫になりたい？変身させることはできないけど……。,,,,series_kyattotoarabasutanoishi,1,2,Normal,,,Random,,0,0,false,,10,false,,
2240,第二次世界大戦,だいにじせかいたいせん,,,な、なにその物騒な言葉は……。,,,,series_dainijisekaitaisen,1,0,Normal,,,Random,,0,0,false,,10,false,,
2240,第二次世界大戦,だいにじせかいたいせん,,,え？スヌーピーっていう犬の、隣に住んでいる猫の名前が、それなの？,,,,series_dainijisekaitaisen,1,1,Normal,,,Random,,0,0,false,,10,false,,
2240,第二次世界大戦,だいにじせかいたいせん,,,しかも滅茶苦茶強いんだ！？{{CAT_PRONOUN}}も強い名前にしたら強くなれるのかな……。,,,,series_dainijisekaitaisen,1,2,Normal,,,Random,,0,0,false,,10,false,,
2241,黒レン,くろれん,,,黒レンって何？,,,,series_kuroren,1,0,Normal,,,Random,,0,0,false,,10,false,,
2241,黒レン,くろれん,,,へぇ、めるてぃぶらっどっていう作品の黒猫なんだ。,,,,series_kuroren,1,1,Normal,,,Random,,0,0,false,,10,false,,
2241,黒レン,くろれん,,,人間って、猫をやたらと人にしたがるイメージがあるけど、この子は猫が人になったの？人が猫になったの？,,,,series_kuroren,1,2,Normal,,,Random,,0,0,false,,10,false,,
2241,黒レン,くろれん,,,……どっちも？どっちもってどういうこと？,,,,series_kuroren,1,3,Normal,,,Random,,0,0,false,,10,false,,
2242,ミスフォーチュン,みすふぉーちゅん,,,ミスフォーチュンって？,,,,series_misufochun,1,0,Normal,,,Random,,0,0,false,,10,false,,
2242,ミスフォーチュン,みすふぉーちゅん,,,猫の女の子なんだ～！ん？全身がバラバラになっても平気なのが特徴……？,,,,series_misufochun,1,1,Normal,,,Random,,0,0,false,,10,false,,
2242,ミスフォーチュン,みすふぉーちゅん,,,なんで平気なの！？え？頭を投げつけてくる？！こわい！,,,,series_misufochun,1,2,Normal,,,Random,,0,0,false,,10,false,,
2243,チェシャ猫,ちぇしゃねこ,,,チェシャ猫って何？,,,,series_cheshaneko,1,0,Normal,,,Random,,0,0,false,,10,false,,
2243,チェシャ猫,ちぇしゃねこ,,,へぇ、不思議の国のアリスに出てくる猫なんだ～,,,,series_cheshaneko,1,1,Normal,,,Random,,0,0,false,,10,false,,
2243,チェシャ猫,ちぇしゃねこ,,,とても不思議で謎な猫なの？,,,,series_cheshaneko,1,2,Normal,,,Random,,0,0,false,,10,false,,
2243,チェシャ猫,ちぇしゃねこ,,,うーん、{{CAT_PRONOUN}}とどっちが不思議？,,,,series_cheshaneko,1,3,Normal,,,Random,,0,0,false,,10,false,,
2243,チェシャ猫,ちぇしゃねこ,,,……全然及ばないんだ！それはすごい！,,,,series_cheshaneko,1,4,Normal,,,Random,,0,0,false,,10,false,,
22431,不思議の国のアリス,ふしぎのくにのありす,,,不思議の国のアリスって何？,,,,series_cheshaneko,1,0,Normal,,,Random,,0,0,false,,10,false,,
22431,不思議の国のアリス,ふしぎのくにのありす,,,へぇ、そういう話があって、そこにチェシャ猫っていう猫が出てくるんだ！,,,,series_cheshaneko,1,1,Normal,,,Random,,0,0,false,,10,false,,
22431,不思議の国のアリス,ふしぎのくにのありす,,,とても不思議で謎な猫なの？,,,,series_cheshaneko,1,2,Normal,,,Random,,0,0,false,,10,false,,
22431,不思議の国のアリス,ふしぎのくにのありす,,,うーん、{{CAT_PRONOUN}}とどっちが不思議？,,,,series_cheshaneko,1,3,Normal,,,Random,,0,0,false,,10,false,,
22431,不思議の国のアリス,ふしぎのくにのありす,,,……全然及ばないんだ！それはすごい！,,,,series_cheshaneko,1,4,Normal,,,Random,,0,0,false,,10,false,,
2244,BlobCat,ぶろぶきゃっと,,,BlobCatって何？,,,,series_burobukyatto,1,0,Normal,,,Random,,0,0,false,,10,false,,
2244,BlobCat,ぶろぶきゃっと,,,えっと？物語とかは特に無くて？ただそこにいる猫？,,,,series_burobukyatto,1,1,Normal,,,Random,,0,0,false,,10,false,,
2244,BlobCat,ぶろぶきゃっと,,,猫っぽいスライムっぽいやつ……？,,,,series_burobukyatto,1,2,Normal,,,Random,,0,0,false,,10,false,,
2244,BlobCat,ぶろぶきゃっと,,,えっと、最終的になんなの？,,,,series_burobukyatto,1,3,Normal,,,Random,,0,0,false,,10,false,,
2245,にゃんぷっぷー,にゃんぷっぷー,,,にゃんぷっぷーって何？,,,,series_burobukyatto,1,0,Normal,,,Random,,0,0,false,,10,false,,
2245,にゃんぷっぷー,にゃんぷっぷー,,,えっと？物語とかは特に無くて？ただそこにいる猫？,,,,series_nyanpuppu,1,0,Normal,,,Random,,0,0,false,,10,false,,
2245,にゃんぷっぷー,にゃんぷっぷー,,,猫っぽいスライムっぽいやつ……？,,,,series_nyanpuppu,1,1,Normal,,,Random,,0,0,false,,10,false,,
2245,にゃんぷっぷー,にゃんぷっぷー,,,えっと、最終的になんなの？,,,,series_nyanpuppu,1,2,Normal,,,Random,,0,0,false,,10,false,,
2246,聖川詩杏,((ひじりかわ)?しあん),,,聖川詩杏って何？,,,,series_hijirikawashian_or_shoubairokku,1,0,Normal,,,Random,,0,0,false,,10,false,,
2246,聖川詩杏,((ひじりかわ)?しあん),,,Show by Rockっていう、いろんな動物の子がバンドをやる話のキャラクターなんだ！,,,,series_hijirikawashian_or_shoubairokku,1,1,Normal,,,Random,,0,0,false,,10,false,,
2246,聖川詩杏,((ひじりかわ)?しあん),,,ねこのシアンの他に、どんな動物がいるの？,,,,series_hijirikawashian_or_shoubairokku,1,2,Normal,,,Random,,0,0,false,,10,false,,
2246,聖川詩杏,((ひじりかわ)?しあん),,,え？山？泡？金平糖？忍マシーン？？,,,,series_hijirikawashian_or_shoubairokku,1,3,Normal,,,Random,,0,0,false,,10,false,,
2246,聖川詩杏,((ひじりかわ)?しあん),,,えっと、動物……？,,,,series_hijirikawashian_or_shoubairokku,1,4,Normal,,,Random,,0,0,false,,10,false,,
22461,Show by Rock,(しょうばいろっく),,,Show by Rockって何？,,,,series_hijirikawashian_or_shoubairokku,1,0,Normal,,,Random,,0,0,false,,10,false,,
22461,Show by Rock,(しょうばいろっく),,,いろんな動物の子がバンドをやる話なんだ！,,,,series_hijirikawashian_or_shoubairokku,1,1,Normal,,,Random,,0,0,false,,10,false,,
22461,Show by Rock,(しょうばいろっく),,,ねこのシアンの他に、どんな動物がいるの？,,,,series_hijirikawashian_or_shoubairokku,1,2,Normal,,,Random,,0,0,false,,10,false,,
22461,Show by Rock,(しょうばいろっく),,,え？山？泡？金平糖？忍マシーン？？,,,,series_hijirikawashian_or_shoubairokku,1,3,Normal,,,Random,,0,0,false,,10,false,,
22461,Show by Rock,(しょうばいろっく),,,えっと、動物……？,,,,series_hijirikawashian_or_shoubairokku,1,4,Normal,,,Random,,0,0,false,,10,false,,
2247,キジトラ猫の小梅さん,きじとらねこのこうめさん,,,キジトラ猫の小梅さんって何？,,,,series_kijitoranekonokoumesan,1,0,Normal,,,Random,,0,0,false,,10,false,,
2247,キジトラ猫の小梅さん,きじとらねこのこうめさん,,,へぇ～、小梅と小雪っていう猫の出てくる話なんだ！,,,,series_kijitoranekonokoumesan,1,1,Normal,,,Random,,0,0,false,,10,false,,
2247,キジトラ猫の小梅さん,きじとらねこのこうめさん,,,え？時々ブラック小梅っていう悪い猫も出てくるんだ！,,,,series_kijitoranekonokoumesan,1,2,Normal,,,Random,,0,0,false,,10,false,,
2247,キジトラ猫の小梅さん,きじとらねこのこうめさん,,,そいつと戦ったりするのかな！？,,,,series_kijitoranekonokoumesan,1,3,Normal,,,Random,,0,0,false,,10,false,,
2248,招き猫不動産,まねきねこふどうさん,,,招き猫不動産って何？,,,,series_manekinekofudousan,1,0,Normal,,,Random,,0,0,false,,10,false,,
2248,招き猫不動産,まねきねこふどうさん,,,ふどうさん？で働く猫の話なんだ。ふどうさんって誰？,,,,series_manekinekofudousan,1,1,Normal,,,Random,,0,0,false,,10,false,,
2248,招き猫不動産,まねきねこふどうさん,,,名前じゃなくって、家を貸したりする仕事なんだ！へぇ～　{{CAT_PRONOUN}}にもできると思う？,,,,series_manekinekofudousan,1,2,Normal,,,Random,,0,0,false,,10,false,,
2248,招き猫不動産,まねきねこふどうさん,,,……ユーモアが足りないって？,,,,series_manekinekofudousan,1,3,Normal,,,Random,,0,0,false,,10,false,,
2248,招き猫不動産,まねきねこふどうさん,,,なんで家を貸すのにユーモアが必要なの？,,,,series_manekinekofudousan,1,4,Normal,,,Random,,0,0,false,,10,false,,
2249,ねこ娘,ねこむすめ,,,ねこ娘って何？,,,,series_nekomusume,1,0,Normal,,,Random,,0,0,false,,10,false,,
2249,ねこ娘,ねこむすめ,,,人間みたいな見た目で暮らしてる猫の妖怪なんだ！先輩だ！,,,,series_nekomusume,1,1,Normal,,,Random,,0,0,false,,10,false,,
2249,ねこ娘,ねこむすめ,,,魚が好きだったり、爪が鋭かったり、普通の猫とすごく似てるんだね。,,,,series_nekomusume,1,2,Normal,,,Random,,0,0,false,,10,false,,
2250,吾輩は猫である殺人事件,わがはいはねこであるさつじんじけん,,,な、なんか穏やかじゃないタイトルだね？,,,,series_wagahaihanekodearusatsujinjiken,1,0,Normal,,,Random,,0,0,false,,10,false,,
2250,吾輩は猫である殺人事件,わがはいはねこであるさつじんじけん,,,名無しの猫が突然上海にいた話なんだ。でも、吾輩は猫であるっていう話もあるんだよね？真似してるの？,,,,series_wagahaihanekodearusatsujinjiken,1,1,Normal,,,Random,,0,0,false,,10,false,,
2250,吾輩は猫である殺人事件,わがはいはねこであるさつじんじけん,,,……リスペクト？真似とリスペクトってどう違うの？,,,,series_wagahaihanekodearusatsujinjiken,1,2,Normal,,,Random,,0,0,false,,10,false,,
2251,ジャパまんクリッカー,じゃぱまんくりっかー,,,ジャパまんクリッカーって何？,,,,series_japamankurikka,1,0,Normal,,,Random,,0,0,false,,10,false,,
2251,ジャパまんクリッカー,じゃぱまんくりっかー,,,女の子にひたすら食べ物を与えるゲーム？最終的に地球より大きくなる？,,,,series_japamankurikka,1,1,Normal,,,Random,,0,0,false,,10,false,,
2251,ジャパまんクリッカー,じゃぱまんくりっかー,,,えっと、まず、地球ってどのくらい大きいの？,,,,series_japamankurikka,1,2,Normal,,,Random,,0,0,false,,10,false,,
2252,猫の皿,ねこのさら,,,猫の皿って何？,,,,series_nekonosara,1,0,Normal,,,Random,,0,0,false,,10,false,,
2252,猫の皿,ねこのさら,,,猫と、高いお皿を一緒に手に入れようとする話なんだ！,,,,series_nekonosara,1,1,Normal,,,Random,,0,0,false,,10,false,,
2252,猫の皿,ねこのさら,,,猫のために高級なお皿を使わせてるって、いい心がけじゃない。,,,,series_nekonosara,1,2,Normal,,,Random,,0,0,false,,10,false,,
2252,猫の皿,ねこのさら,,,でも、猫を売って手放しちゃう所は嫌だな……　最後まで飼いなよ！,,,,series_nekonosara,1,3,Normal,,,Random,,0,0,false,,10,false,,
2253,Jumping Jazz Cats,じゃんぴんぐじゃずきゃっつ,,,Jumping Jazz Catsって何？,,,,series_janpingujazukyattsu,1,0,Normal,,,Random,,0,0,false,,10,false,,
2253,Jumping Jazz Cats,じゃんぴんぐじゃずきゃっつ,,,猫を操作してみんなで遊ぶゲームなんだ！,,,,series_janpingujazukyattsu,1,1,Normal,,,Random,,0,0,false,,10,false,,
2253,Jumping Jazz Cats,じゃんぴんぐじゃずきゃっつ,,,ネズミを取ったり、毛糸玉を集めたり？楽しそう！,,,,series_janpingujazukyattsu,1,2,Normal,,,Random,,0,0,false,,10,false,,
2253,Jumping Jazz Cats,じゃんぴんぐじゃずきゃっつ,,,たまに膨らむ？え、膨らむの？猫だよね？,,,,series_janpingujazukyattsu,1,3,Normal,,,Random,,0,0,false,,10,false,,
2254,猫と龍,ねことりゅう,,,猫と龍って何？,,,,series_nekotoryuu,1,0,Normal,,,Random,,0,0,false,,10,false,,
2254,猫と龍,ねことりゅう,,,猫とドラゴンが一緒に暮らす話なんだ！どうして一緒に暮らし始めたの？,,,,series_nekotoryuu,1,1,Normal,,,Random,,0,0,false,,10,false,,
2254,猫と龍,ねことりゅう,,,……お母さん猫が、子どもの龍を他の子猫と一緒に育て始めたからなんだ！,,,,series_nekotoryuu,1,2,Normal,,,Random,,0,0,false,,10,false,,
2254,猫と龍,ねことりゅう,,,……{{PLAYER_CALLING}}が{{CAT_PRONOUN}}のことを拾って育ててくれた時、この物語のお母さんと同じ気持ちだったのかな？,,,,series_nekotoryuu,1,3,Normal,,,Random,,0,0,false,,10,false,,
2255,ねこタクシー,ねこたくしー,,,ねこタクシーって何？,,,,series_nekotakushi,1,0,Normal,,,Random,,0,0,false,,10,false,,
2255,ねこタクシー,ねこたくしー,,,タクシー運転手と、それに乗る猫の話？,,,,series_nekotakushi,1,1,Normal,,,Random,,0,0,false,,10,false,,
2255,ねこタクシー,ねこたくしー,,,えっと、タクシーって何？,,,,series_nekotakushi,1,2,Normal,,,Random,,0,0,false,,10,false,,
2255,ねこタクシー,ねこたくしー,,,わぁ……車。車ね……。うん。　代わりに運転して、目的地まで連れて行ってくれるんだね。,,,,series_nekotakushi,1,3,Normal,,,Random,,0,0,false,,10,false,,
2255,ねこタクシー,ねこたくしー,,,{{CAT_PRONOUN}}は……うん、悪いけど、車は無理かな……。事故が怖いもん！,,,,series_nekotakushi,1,4,Normal,,,Random,,0,0,false,,10,false,,
2256,１１ぴきのねこ,11(ひ|ぴ)きのねこ,,,１１ぴきのねこって何？,,,,series_11pikinoneko,1,0,Normal,,,Random,,0,0,false,,10,false,,
2256,１１ぴきのねこ,11(ひ|ぴ)きのねこ,,,１１匹のねこの話なんだ！みんな家族なの？違うんだ！へぇ～。,,,,series_11pikinoneko,1,1,Normal,,,Random,,0,0,false,,10,false,,
2256,１１ぴきのねこ,11(ひ|ぴ)きのねこ,,,たいしょう１匹と、１０匹のおともなんだ。,,,,series_11pikinoneko,1,2,Normal,,,Random,,0,0,false,,10,false,,
2256,１１ぴきのねこ,11(ひ|ぴ)きのねこ,,,現実にも、ボス猫っているからね！そんな感じなのかな！みんなあまり言う事聞かないけど。,,,,series_11pikinoneko,1,3,Normal,,,Random,,0,0,false,,10,false,,
2257,ガーフィールド,がーふぃーるど,,,ガーフィールドって何？,,,,series_gafirudo,1,0,Normal,,,Random,,0,0,false,,10,false,,
2257,ガーフィールド,がーふぃーるど,,,ガーフィールドっていう太ってて大食いの猫の話なんだ！,,,,series_gafirudo,1,1,Normal,,,Random,,0,0,false,,10,false,,
2257,ガーフィールド,がーふぃーるど,,,基準がわからないんだけど、{{CAT_PRONOUN}}って太ってるの？……普通？,,,,series_gafirudo,1,2,Normal,,,Random,,0,0,false,,10,false,,
2257,ガーフィールド,がーふぃーるど,,,普通かぁ……　じゃあガーフィールドは{{CAT_PRONOUN}}よりももっと大きな猫ってことなんだね！,,,,series_gafirudo,1,3,Normal,,,Random,,0,0,false,,10,false,,
2258,なめネコ,なめねこ,,,なめネコって何？,,,,series_nameneko,1,0,Normal,,,Random,,0,0,false,,10,false,,
2258,なめネコ,なめねこ,,,なめネコっていうカード？があったんだ。,,,,series_nameneko,1,1,Normal,,,Random,,0,0,false,,10,false,,
2258,なめネコ,なめねこ,,,猫の写真が映ってて、それでどうするの？,,,,series_nameneko,1,2,Normal,,,Random,,0,0,false,,10,false,,
2258,なめネコ,なめねこ,,,……集める？そうなんだ。いつまで？……なめられるまで？そっか……,,,,series_nameneko,1,3,Normal,,,Random,,0,0,false,,10,false,,
2259,敵は海賊,てきはかいぞく,,,敵は海賊って何？,,,,series_tekihakaizoku,1,0,Normal,,,Random,,0,0,false,,10,false,,
2259,敵は海賊,てきはかいぞく,,,アプロっていう黒猫が出てくる話なんだ！,,,,series_tekihakaizoku,1,1,Normal,,,Random,,0,0,false,,10,false,,
2259,敵は海賊,てきはかいぞく,,,……えっと、なんでも食べて自分勝手で嫌われててすごく強くて、他人の感情を固定することができる……？本当に猫？,,,,series_tekihakaizoku,1,2,Normal,,,Random,,0,0,false,,10,false,,
2259,敵は海賊,てきはかいぞく,,,猫じゃなくて、黒猫型異星人？そっか……,,,,series_tekihakaizoku,1,3,Normal,,,Random,,0,0,false,,10,false,,
2260,動物のお医者さん,どうぶつのおいしゃさん,,,動物のお医者さんって何？,,,,series_doubutsunooishasan,1,0,Normal,,,Random,,0,0,false,,10,false,,
2260,動物のお医者さん,どうぶつのおいしゃさん,,,動物病院の話……！？なんでわざわざ怖いところの話を！？,,,,series_doubutsunooishasan,1,1,Normal,,,Random,,0,0,false,,10,false,,
2260,動物のお医者さん,どうぶつのおいしゃさん,,,……関西弁の猫が出るから？そう……。まあ、怖い話じゃないならよかった。,,,,series_doubutsunooishasan,1,2,Normal,,,Random,,0,0,false,,10,false,,
2261,テイルコンチェルト,ているこんちぇると,,,テイルコンチェルトって何？,,,,series_teirukoncheruto,1,0,Normal,,,Random,,0,0,false,,10,false,,
2261,テイルコンチェルト,ているこんちぇると,,,テイルコンチェルトっていう、動物たちの話があるんだ！,,,,series_teirukoncheruto,1,1,Normal,,,Random,,0,0,false,,10,false,,
2261,テイルコンチェルト,ているこんちぇると,,,えー！犬が主人公で、猫たちは敵なの？,,,,series_teirukoncheruto,1,2,Normal,,,Random,,0,0,false,,10,false,,
2261,テイルコンチェルト,ているこんちぇると,,,猫たちが差別されてた歴史があったんだ……{{CAT_PRONOUN}}はいい時代に生まれたんだねぇ。,,,,series_teirukoncheruto,1,3,Normal,,,Random,,0,0,false,,10,false,,
2262,ソラトロボ,そらとろぼ,,,ソラトロボって何？,,,,series_soratorobo,1,0,Normal,,,Random,,0,0,false,,10,false,,
2262,ソラトロボ,そらとろぼ,,,ソラトロボっていう、犬と猫たちの話があるんだ！,,,,series_soratorobo,1,1,Normal,,,Random,,0,0,false,,10,false,,
2262,ソラトロボ,そらとろぼ,,,ロボットに乗って、悪いやつをやっつけるんだ！,,,,series_soratorobo,1,2,Normal,,,Random,,0,0,false,,10,false,,
2262,ソラトロボ,そらとろぼ,,,ところでロボットって何？そこで床を掃除してるやつみたいなの？,,,,series_soratorobo,1,3,Normal,,,Random,,0,0,false,,10,false,,
2263,戦場のフーガ,せんじょうのふーが,,,戦場のフーガって何？,,,,series_senjounofuga,1,0,Normal,,,Random,,0,0,false,,10,false,,
2263,戦場のフーガ,せんじょうのふーが,,,戦場のフーガっていう、犬と猫の子供たちが戦車に乗って戦う話があるんだ！,,,,series_senjounofuga,1,1,Normal,,,Random,,0,0,false,,10,false,,
2263,戦場のフーガ,せんじょうのふーが,,,でも、なんで戦わなきゃいけないんだろう。,,,,series_senjounofuga,1,2,Normal,,,Random,,0,0,false,,10,false,,
2263,戦場のフーガ,せんじょうのふーが,,,……住んでいた場所の仲間たちを攫われたから？それは……仕方がないか……。,,,,series_senjounofuga,1,3,Normal,,,Random,,0,0,false,,10,false,,
2264,タマ＆フレンズ,たまあんどふれんず,,,タマ＆フレンズって何？,,,,series_tamaandofurenzu,1,0,Normal,,,Random,,0,0,false,,10,false,,
2264,タマ＆フレンズ,たまあんどふれんず,,,猫たちと犬の話があるんだ。かわいい猫たちが特徴？そうなんだ～,,,,series_tamaandofurenzu,1,1,Normal,,,Random,,0,0,false,,10,false,,
2264,タマ＆フレンズ,たまあんどふれんず,,,話の内容も可愛らしいんだよね？,,,,series_tamaandofurenzu,1,2,Normal,,,Random,,0,0,false,,10,false,,
2264,タマ＆フレンズ,たまあんどふれんず,,,……え、なんで黙るの！？,,,,series_tamaandofurenzu,1,3,Normal,,,Random,,0,0,false,,10,false,,
2265,三丁目のタマ,(さんちょうめのたま|うちのたましりませんか),,,三丁目のタマって何？,,,,series_sanchoumenotama,1,0,Normal,,,Random,,0,0,false,,10,false,,
2265,三丁目のタマ,(さんちょうめのたま|うちのたましりませんか),,,猫たちと犬の話があるんだ。かわいい猫たちが特徴？そうなんだ～,,,,series_sanchoumenotama,1,1,Normal,,,Random,,0,0,false,,10,false,,
2265,三丁目のタマ,(さんちょうめのたま|うちのたましりませんか),,,話の内容も可愛らしいんだよね？,,,,series_sanchoumenotama,1,2,Normal,,,Random,,0,0,false,,10,false,,
2265,三丁目のタマ,(さんちょうめのたま|うちのたましりませんか),,,……え、なんで黙るの！？,,,,series_sanchoumenotama,1,3,Normal,,,Random,,0,0,false,,10,false,,
2266,猫の地球儀,ねこのちきゅうぎ,,,猫の地球儀って何？,,,,series_nekonochikyuugi,1,0,Normal,,,Random,,0,0,false,,10,false,,
2266,猫の地球儀,ねこのちきゅうぎ,,,猫たちの星が舞台の話なんだ！猫しかいない星なの？,,,,series_nekonochikyuugi,1,1,Normal,,,Random,,0,0,false,,10,false,,
2266,猫の地球儀,ねこのちきゅうぎ,,,……{{CAT_PRONOUN}}は{{PLAYER_CALLING}}から離れるなんて考えられないけど、最初から会ったことが無かったら、平気なのかな。,,,,series_nekonochikyuugi,1,2,Normal,,,Random,,0,0,false,,10,false,,
2267,グーグーだって猫である,ぐーぐーだってねこである,,,グーグーだって猫であるって何？,,,,series_gugudattenekodearu,1,0,Normal,,,Random,,0,0,false,,10,false,,
2267,グーグーだって猫である,ぐーぐーだってねこである,,,人間の漫画家と、グーグーっていう猫の話なんだ！,,,,series_gugudattenekodearu,1,1,Normal,,,Random,,0,0,false,,10,false,,
2267,グーグーだって猫である,ぐーぐーだってねこである,,,……猫が先に死んじゃって、ペットロス？になってたんだ。,,,,series_gugudattenekodearu,1,2,Normal,,,Random,,0,0,false,,10,false,,
2267,グーグーだって猫である,ぐーぐーだってねこである,,,……{{CAT_PRONOUN}}たちはずっと一緒にいられるよ。安心してね……。,,,,series_gugudattenekodearu,1,3,Normal,,,Random,,0,0,false,,10,false,,
2268,わーちふぃーるど,わーちふぃーるど,,,わーちふぃーるどって何？,,,,series_wachifirudo,1,0,Normal,,,Random,,0,0,false,,10,false,,
2268,わーちふぃーるど,わーちふぃーるど,,,わーちふぃーるどっていう世界の、ダヤンっていう猫の話なんだ！そのわーちふぃーるどっていうのは？,,,,series_wachifirudo,1,1,Normal,,,Random,,0,0,false,,10,false,,
2268,わーちふぃーるど,わーちふぃーるど,,,人間の居ない動物たちの世界なんだ！,,,,series_wachifirudo,1,2,Normal,,,Random,,0,0,false,,10,false,,
2268,わーちふぃーるど,わーちふぃーるど,,,……なんで人間って、人間の居ない世界を想像するんだろうね。自分たちのこと、あまり好きじゃないのかな。,,,,series_wachifirudo,1,3,Normal,,,Random,,0,0,false,,10,false,,
2317,ダヤン,だやん,,,ダヤンって何？,,,,series_wachifirudo,1,0,Normal,,,Random,,0,0,false,,10,false,,
2317,ダヤン,だやん,,,わーちふぃーるどっていう世界の、ダヤンっていう猫の話なんだ！そのわーちふぃーるどっていうのは？,,,,series_wachifirudo,1,1,Normal,,,Random,,0,0,false,,10,false,,
2317,ダヤン,だやん,,,人間の居ない動物たちの世界なんだ！,,,,series_wachifirudo,1,2,Normal,,,Random,,0,0,false,,10,false,,
2317,ダヤン,だやん,,,……なんで人間って、人間の居ない世界を想像するんだろうね。自分たちのこと、あまり好きじゃないのかな。,,,,series_wachifirudo,1,3,Normal,,,Random,,0,0,false,,10,false,,
2269,ネコルポス,ねこるぽす,,,ネコルポスって何？,,,,series_nekoruposu,1,0,Normal,,,Random,,0,0,false,,40,false,,
2269,ネコルポス,ねこるぽす,,,え、{{PLAYER_CALLING}}も知らないの？じゃあ{{CAT_PRONOUN}}も知らないよ～,,,,series_nekoruposu,1,1,Normal,,,Random,,0,0,false,,40,false,,
2269,ネコルポス,ねこるぽす,,,ネコが関わる意味なのかな？なら、ルポスって何？,,,,series_nekoruposu,1,2,Normal,,,Random,,0,0,false,,40,false,,
2270,猫の恩返し,ねこのおんがえし,,,猫の恩返しって何？,,,,series_nekonoongaeshi,1,0,Normal,,,Random,,0,0,false,,10,false,,
2270,猫の恩返し,ねこのおんがえし,,,猫の王子を助けたお礼に、猫の国に行く話なんだ！人間が猫になって、猫の王子と結婚するなんて、なんだかロマンティックだね！,,,,series_nekonoongaeshi,1,1,Normal,,,Random,,0,0,false,,10,false,,
2270,猫の恩返し,ねこのおんがえし,,,……え？嫌だった？,,,,series_nekonoongaeshi,1,2,Normal,,,Random,,0,0,false,,10,false,,
2271,摩訶不思議ネコ ムスビ,まかふしぎねこむすび,,,摩訶不思議ネコ ムスビって何？,,,,series_makafushiginekomusubi,1,0,Normal,,,Random,,0,0,false,,10,false,,
2271,摩訶不思議ネコ ムスビ,まかふしぎねこむすび,,,猫たちの天国に行く話なんだ！猫たちの天国って、どんな所なんだろう！,,,,series_makafushiginekomusubi,1,1,Normal,,,Random,,0,0,false,,10,false,,
2271,摩訶不思議ネコ ムスビ,まかふしぎねこむすび,,,まあ、もしあったとしても……{{CAT_PRONOUN}}はもう行けないと思うな。,,,,series_makafushiginekomusubi,1,2,Normal,,,Random,,0,0,false,,10,false,,
2272,ネコトモ,ねことも,,,ネコトモって何？,,,,series_nekotomo,1,0,Normal,,,Random,,0,0,false,,10,false,,
2272,ネコトモ,ねことも,,,猫とおしゃべりしたり、言葉を教えるゲームなんだ！,,,,series_nekotomo,1,1,Normal,,,Random,,0,0,false,,10,false,,
2272,ネコトモ,ねことも,,,{{CAT_PRONOUN}}も知らない言葉をいっぱい教えてもらってるし、ちょっと似てるね！,,,,series_nekotomo,1,2,Normal,,,Random,,0,0,false,,10,false,,
2273,ハローキティ,(はろーきてぃ|きてぃほわいと),,,ハローキティって何？,,,,series_harokiti,1,0,Normal,,,Random,,0,0,false,,10,false,,
2273,ハローキティ,(はろーきてぃ|きてぃほわいと),,,ハローキティっていう、有名な猫のキャラクターなんだ！,,,,series_harokiti,1,1,Normal,,,Random,,0,0,false,,10,false,,
2273,ハローキティ,(はろーきてぃ|きてぃほわいと),,,えっと、その「仕事を選ばない」っていうのは、働き者って意味？すごいなぁ。,,,,series_harokiti,1,2,Normal,,,Random,,0,0,false,,10,false,,
2273,ハローキティ,(はろーきてぃ|きてぃほわいと),,,{{CAT_PRONOUN}}も{{PLAYER_CALLING}}のために頑張る！,,,,series_harokiti,1,3,Normal,,,Random,,0,0,false,,10,false,,
2274,猫絵十兵衛,ねこえじゅうべえ,,,猫絵十兵衛って何？,,,,series_nekoejuubee,1,0,Normal,,,Random,,0,0,false,,10,false,,
2274,猫絵十兵衛,ねこえじゅうべえ,,,むかしの、猫の絵を描く人と、猫又の話なんだ！,,,,series_nekoejuubee,1,1,Normal,,,Random,,0,0,false,,10,false,,
2274,猫絵十兵衛,ねこえじゅうべえ,,,{{CAT_PRONOUN}}の大先輩だね！まだ生きてたりしないかな？,,,,series_nekoejuubee,1,2,Normal,,,Random,,0,0,false,,10,false,,
2275,タオカカ,たおかか,,,タオカカって何？,,,,series_taokaka,1,0,Normal,,,Random,,0,0,false,,10,false,,
2275,タオカカ,たおかか,,,ブレイブルーっていうゲームに出てくる、カカ族の女の子なんだ！カカ族って何？,,,,series_taokaka,1,1,Normal,,,Random,,0,0,false,,10,false,,
2275,タオカカ,たおかか,,,すごく元気ですばしっこいんだ！……早すぎて２匹に見えるって、どんだけ早いの……。,,,,series_taokaka,1,2,Normal,,,Random,,0,0,false,,10,false,,
2276,獣兵衛,じゅうべえ,,,獣兵衛って何？,,,,series_juubee,1,0,Normal,,,Random,,0,0,false,,10,false,,
2276,獣兵衛,じゅうべえ,,,へえ、ブレイブルーっていうゲームに出てくる猫のおじさんなんだ！,,,,series_juubee,1,1,Normal,,,Random,,0,0,false,,10,false,,
2276,獣兵衛,じゅうべえ,,,可愛くてかっこいいなんて最強だね！{{CAT_PRONOUN}}も修行したら強くなれるかな？,,,,series_juubee,1,2,Normal,,,Random,,0,0,false,,10,false,,
2277,キャットファンタジー,きゃっとふぁんたじー,,,キャットファンタジーって何？,,,,series_kyattofantaji,1,0,Normal,,,Random,,0,0,false,,10,false,,
2277,キャットファンタジー,きゃっとふぁんたじー,,,猫が、人間みたいな姿に自由に変身できる世界なんだ！,,,,series_kyattofantaji,1,1,Normal,,,Random,,0,0,false,,10,false,,
2277,キャットファンタジー,きゃっとふぁんたじー,,,……人間ってみんな、猫に自分たちと同じ姿になって欲しいって思ってるの？,,,,series_kyattofantaji,1,2,Normal,,,Random,,0,0,false,,10,false,,
2278,ねこねこネットワーク,(ねこねこねっとわーく|えぬえぬえぬ),,,ねこねこネットワークって何？,,,,series_nekonekonettowaku,1,0,Normal,,,Random,,0,0,false,,10,false,,
2278,ねこねこネットワーク,(ねこねこねっとわーく|えぬえぬえぬ),,,猫が必要な人の所に、猫を派遣する組織？,,,,series_nekonekonettowaku,1,1,Normal,,,Random,,0,0,false,,10,false,,
2278,ねこねこネットワーク,(ねこねこねっとわーく|えぬえぬえぬ),,,うーん、そんな名前ではないし、派遣する仕事も知らないけど、猫たちの集まりがあるのは事実だよ！出たことはないけど。,,,,series_nekonekonettowaku,1,2,Normal,,,Random,,0,0,false,,10,false,,
2278,ねこねこネットワーク,(ねこねこねっとわーく|えぬえぬえぬ),,,たまに、「こういう話があったよ～」って、外の猫が教えてくれるんだ。,,,,series_nekonekonettowaku,1,3,Normal,,,Random,,0,0,false,,10,false,,
2279,ねこあつめ,ねこあつめ,,,ねこあつめって何？,,,,series_nekoatsume,1,0,Normal,,,Random,,0,0,false,,10,false,,
2279,ねこあつめ,ねこあつめ,,,のんびりといろんな猫に集まってもらうゲームなんだ！,,,,series_nekoatsume,1,1,Normal,,,Random,,0,0,false,,10,false,,
2279,ねこあつめ,ねこあつめ,,,色々して、家に遊びに来てもらうんだ。,,,,series_nekoatsume,1,2,Normal,,,Random,,0,0,false,,10,false,,
2279,ねこあつめ,ねこあつめ,,,ってことは、みんな外猫ってこと……？飼い猫から見ると大変そう……。,,,,series_nekoatsume,1,3,Normal,,,Random,,0,0,false,,10,false,,
2280,セーラームーン,せーらーむーん,,,セーラームーンって何？,,,,series_seramun,1,0,Normal,,,Random,,0,0,false,,10,false,,
2280,セーラームーン,せーらーむーん,,,ルナっていう猫が出てくる、戦う女の子たちの話なんだ！,,,,series_seramun,1,1,Normal,,,Random,,0,0,false,,10,false,,
2280,セーラームーン,せーらーむーん,,,おでこに月の模様があるんだ！{{CAT_PRONOUN}}の毛皮には……,,,,series_seramun,1,2,Normal,,,Random,,0,0,false,,10,false,,
2280,セーラームーン,せーらーむーん,,,特別な模様はないよね。ざんねん。,,,,series_seramun,1,3,Normal,,,Random,,0,0,false,,10,false,,
2282,One Shot,わんしょっと,,,One Shotって何？,,,,series_wanshotto,1,0,Normal,,,Random,,0,0,false,,10,false,,
2282,One Shot,わんしょっと,,,へぇ、そういうゲームがあるんだ！それにニコっていう猫が出てくるんだね。,,,,series_wanshotto,1,1,Normal,,,Random,,0,0,false,,10,false,,
2282,One Shot,わんしょっと,,,あれ？猫じゃないんだ？え？猫？どっちなの？？,,,,series_wanshotto,1,2,Normal,,,Random,,0,0,false,,10,false,,
2283,Stray,すとれい,,,Strayって何？,,,,series_sutorei,1,0,Normal,,,Random,,0,0,false,,10,false,,
2283,Stray,すとれい,,,へぇ、仲間とはぐれた猫が、探検しながら仲間の元へ帰るゲームなんだ！,,,,series_sutorei,1,1,Normal,,,Random,,0,0,false,,10,false,,
2283,Stray,すとれい,,,え！？猫の他にはロボットしかいないの！？,,,,series_sutorei,1,2,Normal,,,Random,,0,0,false,,10,false,,
2283,Stray,すとれい,,,じゃ、じゃあ、だれが猫を撫でてご飯を用意してくれるの……？,,,,series_sutorei,1,3,Normal,,,Random,,0,0,false,,10,false,,
2284,ちいかわ,ちいかわ,,,ちいかわって何？,,,,series_chiikawa,1,0,Normal,,,Random,,0,0,false,,10,false,,
2284,ちいかわ,ちいかわ,,,へー！ちいさくてかわいいやつ の略でちいかわなんだ！,,,,series_chiikawa,1,1,Normal,,,Random,,0,0,false,,10,false,,
2284,ちいかわ,ちいかわ,,,じゃあ、可愛くて平和な話なんだろうね！,,,,series_chiikawa,1,2,Normal,,,Random,,0,0,false,,10,false,,
2284,ちいかわ,ちいかわ,,,……なんでそんな顔してるの？,,,,series_chiikawa,1,3,Normal,,,Random,,0,0,false,,10,false,,
2285,ねこみみサバイバー,ねこみみさばいばー,,,ねこみみサバイバーって何？,,,,series_nekomimisabaiba,1,0,Normal,,,Random,,0,0,false,,10,false,,
2285,ねこみみサバイバー,ねこみみさばいばー,,,へぇ、猫の写真を獲ると、それがキャラクターになるゲームなんだ！,,,,series_nekomimisabaiba,1,1,Normal,,,Random,,0,0,false,,10,false,,
2285,ねこみみサバイバー,ねこみみさばいばー,,,{{CAT_PRONOUN}}の写真撮ったことある？どうだった？,,,,series_nekomimisabaiba,1,2,Normal,,,Random,,0,0,false,,10,false,,
2285,ねこみみサバイバー,ねこみみさばいばー,,,……ハズレ？な、なんか無意味に傷ついた……。,,,,series_nekomimisabaiba,1,3,Normal,,,Random,,0,0,false,,10,false,,
2286,本を守ろうとする猫の話,ほんをまもろうとするねこのはなし,,,本を守ろうとする猫の話って何？,,,,series_honwomamoroutosurunekonohanashi,1,0,Normal,,,Random,,0,0,false,,10,false,,
2286,本を守ろうとする猫の話,ほんをまもろうとするねこのはなし,,,へぇ、読書がテーマの話なんだ！,,,,series_honwomamoroutosurunekonohanashi,1,1,Normal,,,Random,,0,0,false,,10,false,,
2286,本を守ろうとする猫の話,ほんをまもろうとするねこのはなし,,,{{CAT_PRONOUN}}は文字が読めないからねぇ。本も読めないんだー。{{PLAYER_CALLING}}は結構読書が好きなのかな？,,,,series_honwomamoroutosurunekonohanashi,1,2,Normal,,,Random,,0,0,false,,10,false,,
2287,夏への扉,なつへのとびら,,,夏への扉って何？,,,,series_natsuhenotobira,1,0,Normal,,,Random,,0,0,false,,10,false,,
2287,夏への扉,なつへのとびら,,,へぇ、たいむすりっぷを扱う話……タイムスリップって何？,,,,series_natsuhenotobira,1,1,Normal,,,Random,,0,0,false,,10,false,,
2287,夏への扉,なつへのとびら,,,未来や過去に行ったりすること？ふーん……。,,,,series_natsuhenotobira,1,2,Normal,,,Random,,0,0,false,,10,false,,
2287,夏への扉,なつへのとびら,,,……本当にあったら、あの事故も止められるのにね。,,,,series_natsuhenotobira,1,3,Normal,,,Random,,0,0,false,,10,false,,
2288,三毛猫ホームズ,みけねこほーむず,,,三毛猫ホームズって何？,,,,series_mikenekohomuzu,1,0,Normal,,,Random,,0,0,false,,10,false,,
2288,三毛猫ホームズ,みけねこほーむず,,,へぇ、猫が事件の謎を解く話なんだ！猫が人間にヒントを出すなんてできるの？,,,,series_mikenekohomuzu,1,1,Normal,,,Random,,0,0,false,,10,false,,
2288,三毛猫ホームズ,みけねこほーむず,,,まあ、たまに人間どんくさいな～って思うこともあるけどね！,,,,series_mikenekohomuzu,1,2,Normal,,,Random,,0,0,false,,10,false,,
2289,綿の国星,わたのくにほし,,,綿の国星って何？,,,,series_watanokunihoshi,1,0,Normal,,,Random,,0,0,false,,10,false,,
2289,綿の国星,わたのくにほし,,,へぇ、子猫から見た人間たちの話なんだ！,,,,series_watanokunihoshi,1,1,Normal,,,Random,,0,0,false,,10,false,,
2289,綿の国星,わたのくにほし,,,子猫は自分のことを人間だと思っているから人の姿で描かれてるんだ！,,,,series_watanokunihoshi,1,2,Normal,,,Random,,0,0,false,,10,false,,
2289,綿の国星,わたのくにほし,,,{{CAT_PRONOUN}}は……自分が猫だって分かってるよ！,,,,series_watanokunihoshi,1,3,Normal,,,Random,,0,0,false,,10,false,,
2290,ヤニねこ,やにねこ,,,ヤニねこって何？,,,,series_yanineko,1,0,Normal,,,Random,,0,0,false,,10,false,,
2290,ヤニねこ,やにねこ,,,タバコが大好きな猫の話？わーお。,,,,series_yanineko,1,1,Normal,,,Random,,0,0,false,,10,false,,
2290,ヤニねこ,やにねこ,,,タバコって何で必要なんだろう……？,,,,series_yanineko,1,2,Normal,,,Random,,0,0,false,,10,false,,
2290,ヤニねこ,やにねこ,,,え？マタタビみたいなもの？,,,,series_yanineko,1,3,Normal,,,Random,,0,0,false,,10,false,,
2290,ヤニねこ,やにねこ,,,あれは別に酔ってる訳じゃなくて、身体に塗らなきゃ！ってなるだけだし……。,,,,series_yanineko,1,4,Normal,,,Random,,0,0,false,,10,false,,
2291,オマエモナー,(おまえもなー),,,え？{{CAT_PRONOUN}}のこと？　ああ、オマエモナーっていう猫がいるの？,,,,series_omaemona_or_mona,1,0,Normal,,,Random,,0,0,false,,10,false,,
2291,オマエモナー,(おまえもなー),,,いるいないっていうか、文字で表現された猫？,,,,series_omaemona_or_mona,1,1,Normal,,,Random,,0,0,false,,10,false,,
2291,オマエモナー,(おまえもなー),,,へぇ～、色んなことを喋るお喋りさんなんだね！,,,,series_omaemona_or_mona,1,2,Normal,,,Random,,0,0,false,,10,false,,
2292,ぎこねこ,ぎこねこ,,,ぎこねこって何？,,,,series_gikoneko,1,0,Normal,,,Random,,0,0,false,,10,false,,
2292,ぎこねこ,ぎこねこ,,,文字で書かれた猫の絵なんだ！,,,,series_gikoneko,1,1,Normal,,,Random,,0,0,false,,10,false,,
2292,ぎこねこ,ぎこねこ,,,えっと、喋ったり、立ったり、胴が長くなったり……。,,,,series_gikoneko,1,2,Normal,,,Random,,0,0,false,,10,false,,
2292,ぎこねこ,ぎこねこ,,,でもまあ、喋る以外はあり得る……のかな？,,,,series_gikoneko,1,3,Normal,,,Random,,0,0,false,,10,false,,
2293,ぎこはにゃーん,ぎこはにゃーん,,,ぎこはにゃーんって何？,,,,series_gikohanyan,1,0,Normal,,,Random,,0,0,false,,10,false,,
2293,ぎこはにゃーん,ぎこはにゃーん,,,文字で書かれた猫の絵なんだ！,,,,series_gikohanyan,1,1,Normal,,,Random,,0,0,false,,10,false,,
2293,ぎこはにゃーん,ぎこはにゃーん,,,えっと、喋ったり、立ったり、胴が長くなったり……。,,,,series_gikohanyan,1,2,Normal,,,Random,,0,0,false,,10,false,,
2293,ぎこはにゃーん,ぎこはにゃーん,,,でもまあ、喋る以外はあり得る……のかな？,,,,series_gikohanyan,1,3,Normal,,,Random,,0,0,false,,10,false,,
2294,おまねこ,おまねこ,,,おまねこって何？,,,,series_omaneko,1,0,Normal,,,Random,,0,0,false,,10,false,,
2294,おまねこ,おまねこ,,,へぇ、すっごく大きな猫なんだ！でも……。オスであることってそんなに大切？,,,,series_omaneko,1,1,Normal,,,Random,,0,0,false,,10,false,,
2294,おまねこ,おまねこ,,,だって、猫はオスでもメスでも、すっごく可愛いでしょう？,,,,series_omaneko,1,2,Normal,,,Random,,0,0,false,,10,false,,
2295,ねこぽけもんたち,ねこぽけもんたち,,,{{PLAYER_INPUT}}って何？,,,,series_nekopokemontachi,1,0,Normal,,,Random,,0,0,false,,10,false,,
2295,ねこぽけもんたち,ねこぽけもんたち,,,ゲームに、{{PLAYER_INPUT}}っていう猫のモンスターが出てくるんだ！,,,,series_nekopokemontachi,1,1,Normal,,,Random,,0,0,false,,10,false,,
2295,ねこぽけもんたち,ねこぽけもんたち,,,{{CAT_PRONOUN}}も他の妖怪と戦うことあるのかな？,,,,series_nekopokemontachi,1,2,Normal,,,Random,,0,0,false,,10,false,,
2295,ねこぽけもんたち,ねこぽけもんたち,,,{{PLAYER_CALLING}}！攻撃の指示を出して！,,,,series_nekopokemontachi,1,3,Normal,,,Random,,0,0,false,,10,false,,
2296,えとたま,えとたま,,,えとたまって何？,,,,series_etotama,1,0,Normal,,,Random,,0,0,false,,10,false,,
2296,えとたま,えとたま,,,へぇ、干支に入ることを目指すにゃーたんっていう猫の話なんだ！,,,,series_etotama,1,1,Normal,,,Random,,0,0,false,,10,false,,
2296,えとたま,えとたま,,,そもそもその干支ってなんなの？……猫がネズミに騙された話？ふむふむ……。,,,,series_etotama,1,2,Normal,,,Random,,0,0,false,,10,false,,
2296,えとたま,えとたま,,,でも、面倒事が減るのは良いことだと思うけどなぁ……。昔はそうじゃなかったのかな？,,,,series_etotama,1,3,Normal,,,Random,,0,0,false,,10,false,,
2297,にゃーたん,にゃーたん,,,にゃーたんって何？,,,,series_nyatan,1,0,Normal,,,Random,,0,0,false,,10,false,,
2297,にゃーたん,にゃーたん,,,へぇ、干支に入ることを目指す猫の話で、それに出てくる猫なんだ！,,,,series_nyatan,1,1,Normal,,,Random,,0,0,false,,10,false,,
2297,にゃーたん,にゃーたん,,,そもそもその干支ってなんなの？……猫がネズミに騙された話？ふむふむ……。,,,,series_nyatan,1,2,Normal,,,Random,,0,0,false,,10,false,,
2297,にゃーたん,にゃーたん,,,でも、面倒事が減るのは良いことだと思うけどなぁ……。昔はそうじゃなかったのかな？,,,,series_nyatan,1,3,Normal,,,Random,,0,0,false,,10,false,,
2298,ブラック羽川,(ぶらっくはねかわ|ねこものがたり),,,ブラック羽川って何？,,,,series_burakkuhanekawa_or_nekomonogatari,1,0,Normal,,,Random,,0,0,false,,10,false,,
2298,ブラック羽川,(ぶらっくはねかわ|ねこものがたり),,,へぇ、猫物語っていう話があるんだ！猫に憑かれた人間が色々しちゃうと。,,,,series_burakkuhanekawa_or_nekomonogatari,1,1,Normal,,,Random,,0,0,false,,10,false,,
2298,ブラック羽川,(ぶらっくはねかわ|ねこものがたり),,,猫又もかつては人に憑いて悪さをするって信じられてたみたい。{{CAT_PRONOUN}}も{{PLAYER_CALLING}}に憑いちゃおうかな？,,,,series_burakkuhanekawa_or_nekomonogatari,1,2,Normal,,,Random,,0,0,false,,10,false,,
2299,猫物語,ねこものがたり,,,猫物語って何？,,,,series_nekomonogatari,1,0,Normal,,,Random,,0,0,false,,10,false,,
2299,猫物語,ねこものがたり,,,へぇ、猫物語っていう話があるんだ！猫に憑かれた人間が色々しちゃうと。,,,,series_nekomonogatari,1,1,Normal,,,Random,,0,0,false,,10,false,,
2299,猫物語,ねこものがたり,,,猫又もかつては人に憑いて悪さをするって信じられてたみたい。{{CAT_PRONOUN}}も{{PLAYER_CALLING}}に憑いちゃおうかな？,,,,series_nekomonogatari,1,2,Normal,,,Random,,0,0,false,,10,false,,
2300,朧村正,おぼろむらまさ,,,朧村正って何？,,,,series_oboromuramasa,1,0,Normal,,,Random,,0,0,false,,10,false,,
2300,朧村正,おぼろむらまさ,,,へぇ、刀を使って戦うゲームで、化け猫の話があるんだ！,,,,series_oboromuramasa,1,1,Normal,,,Random,,0,0,false,,10,false,,
2300,朧村正,おぼろむらまさ,,,三毛っていう猫が、敵討ちのために戦う話なんだ。,,,,series_oboromuramasa,1,2,Normal,,,Random,,0,0,false,,10,false,,
2300,朧村正,おぼろむらまさ,,,猫又に限らず妖怪の強さって、恨みの強さに依存してるみたい。だから……。,,,,series_oboromuramasa,1,3,Normal,,,Random,,0,0,false,,10,false,,
2300,朧村正,おぼろむらまさ,,,{{PLAYER_CALLING}}が元気なら、{{CAT_PRONOUN}}はすごく弱くでも全然いいんだ！,,,,series_oboromuramasa,1,4,Normal,,,Random,,0,0,false,,10,false,,
2301,おしゃれキャット,おしゃれきゃっと,,,おしゃれキャットって何？,,,,series_osharekyatto,1,0,Normal,,,Random,,0,0,false,,10,false,,
2301,おしゃれキャット,おしゃれきゃっと,,,子猫たちの話で、ピアノを引くシーンが有名なんだ！,,,,series_osharekyatto,1,1,Normal,,,Random,,0,0,false,,10,false,,
2301,おしゃれキャット,おしゃれきゃっと,,,ピアノって楽器？{{CAT_PRONOUN}}も練習したら弾けるようになるのかな？,,,,series_osharekyatto,1,2,Normal,,,Random,,0,0,false,,10,false,,
2302,100万回生きたねこ,ひゃくまんかいいきたねこ,,,{{CAT_PRONOUN}}、そんなに生きてないよ！？,,,,series_hyakumankaiikitaneko,1,0,Normal,,,Random,,0,0,false,,10,false,,
2302,100万回生きたねこ,ひゃくまんかいいきたねこ,,,あ、そういうお話があるんだ！,,,,series_hyakumankaiikitaneko,1,1,Normal,,,Random,,0,0,false,,10,false,,
2302,100万回生きたねこ,ひゃくまんかいいきたねこ,,,何回も死んで、何回も生き返るんだ！妖怪みたい！,,,,series_hyakumankaiikitaneko,1,2,Normal,,,Random,,0,0,false,,10,false,,
2302,100万回生きたねこ,ひゃくまんかいいきたねこ,,,でも、何回でも生き返れるのは、どちらかというと{{PLAYER_CALLING}}の方だね……。,,,,series_hyakumankaiikitaneko,1,3,Normal,,,Random,,0,0,false,,10,false,,
2303,808,(やおや|808),,,やおや？やおやって？,,,,series_yaoya_or_hachimaruhachi,1,0,Normal,,,Random,,0,0,false,,10,false,,
2303,808,(やおや|808),,,へぇ！そういう名前の猫なんだ！……えっと、身体にスピーカーが付いてて、尻尾にライトが付いてて……。猫なんだよね？あ、ロボットなの？だよね！？,,,,series_yaoya_or_hachimaruhachi,1,1,Normal,,,Random,,0,0,false,,10,false,,
2304,ドラえもん,どらえもん,,,ドラえもんって何？,,,,series_doraemon,1,0,Normal,,,Random,,0,0,false,,10,false,,
2304,ドラえもん,どらえもん,,,ドラえもんっていう猫のロボットがいるの？,,,,series_doraemon,1,1,Normal,,,Random,,0,0,false,,10,false,,
2304,ドラえもん,どらえもん,,,でも耳がなくて青くてネズミが嫌いで……　猫なんだよね？？,,,,series_doraemon,1,2,Normal,,,Random,,0,0,false,,10,false,,
2305,サイボーグクロちゃん,さいぼーぐくろちゃん,,,サイボーグクロちゃんって何？,,,,series_saibogukurochan,1,0,Normal,,,Random,,0,0,false,,10,false,,
2305,サイボーグクロちゃん,さいぼーぐくろちゃん,,,科学者にサイボーグに改造されちゃった猫の話？サイボーグって？,,,,series_saibogukurochan,1,1,Normal,,,Random,,0,0,false,,10,false,,
2305,サイボーグクロちゃん,さいぼーぐくろちゃん,,,……身体の一部を機械にされちゃうこと！？,,,,series_saibogukurochan,1,2,Normal,,,Random,,0,0,false,,10,false,,
2305,サイボーグクロちゃん,さいぼーぐくろちゃん,,,そ、そんな……猫の良いところは全身が柔らかいところなのに……！,,,,series_saibogukurochan,1,3,Normal,,,Random,,0,0,false,,10,false,,
2306,マッピー,まっぴー,,,マッピーって何？,,,,series_mappi,1,0,Normal,,,Random,,0,0,false,,10,false,,
2306,マッピー,まっぴー,,,へぇ、猫とネズミのゲームなんだ！,,,,series_mappi,1,1,Normal,,,Random,,0,0,false,,10,false,,
2306,マッピー,まっぴー,,,ネズミを操作して、悪い猫に捕まらないように逃げるゲーム？ふむふむ。,,,,series_mappi,1,2,Normal,,,Random,,0,0,false,,10,false,,
2306,マッピー,まっぴー,,,え、扉を急に開いて猫を倒すの？痛そう……。,,,,series_mappi,1,3,Normal,,,Random,,0,0,false,,10,false,,
2306,マッピー,まっぴー,,,{{CAT_PRONOUN}}も１回だけ{{PLAYER_CALLING}}にやられて、動く前の扉には近づかないようになったよ。,,,,series_mappi,1,4,Normal,,,Random,,0,0,false,,10,false,,
2307,百年戦争,ひゃくねんせんそう,,,百年戦争って何？,,,,series_hyakunensensou,1,0,Normal,,,Random,,0,0,false,,10,false,,
2307,百年戦争,ひゃくねんせんそう,,,へぇ、人間が猫やネズミに変身しちゃう物語があるんだ！,,,,series_hyakunensensou,1,1,Normal,,,Random,,0,0,false,,10,false,,
2307,百年戦争,ひゃくねんせんそう,,,どう？{{PLAYER_CALLING}}は猫になりたい？ネズミになりたい？,,,,series_hyakunensensou,1,2,Normal,,,Random,,0,0,false,,10,false,,
2307,百年戦争,ひゃくねんせんそう,,,ネズミになるなら……覚悟しておいてね？,,,,series_hyakunensensou,1,3,Normal,,,Random,,0,0,false,,10,false,,
2308,ひげよ、さらば,ひげよさらば,,,ひげよ、さらばって何？,,,,series_higeyosaraba,1,0,Normal,,,Random,,0,0,false,,10,false,,
2308,ひげよ、さらば,ひげよさらば,,,へぇ、野良犬と戦う野良猫たちの話なんだ。,,,,series_higeyosaraba,1,1,Normal,,,Random,,0,0,false,,10,false,,
2308,ひげよ、さらば,ひげよさらば,,,仲間の猫の名前が、片目、学者、歌い猫……,,,,series_higeyosaraba,1,2,Normal,,,Random,,0,0,false,,10,false,,
2308,ひげよ、さらば,ひげよさらば,,,名前がそのまま役割になってるの？{{CAT_PRONOUN}}の名前が猫又みたいな感じ？,,,,series_higeyosaraba,1,3,Normal,,,Random,,0,0,false,,10,false,,
2309,猫語の教科書,ねこごのきょうかしょ,,,猫語の教科書って何？,,,,series_nekogonokyoukasho,1,0,Normal,,,Random,,0,0,false,,10,false,,
2309,猫語の教科書,ねこごのきょうかしょ,,,へぇ、猫がタイプライターで、どうやって人間を暮らすのかを説明してる本なんだ！,,,,series_nekogonokyoukasho,1,1,Normal,,,Random,,0,0,false,,10,false,,
2309,猫語の教科書,ねこごのきょうかしょ,,,本当にあるの？どうやって猫が書いて、どうやって人間が本にしたの？,,,,series_nekogonokyoukasho,1,2,Normal,,,Random,,0,0,false,,10,false,,
2309,猫語の教科書,ねこごのきょうかしょ,,,……結局正しく入力できてなくて、人間が頑張って元に戻したんだ。そうだよねぇ。,,,,series_nekogonokyoukasho,1,3,Normal,,,Random,,0,0,false,,10,false,,
2309,猫語の教科書,ねこごのきょうかしょ,,,それに、文章を直してくれたとしても、{{CAT_PRONOUN}}は文字が読めないから意味ないね……。,,,,series_nekogonokyoukasho,1,4,Normal,,,Random,,0,0,false,,10,false,,
2310,きょうの猫村さん,きょうのねこむらさん,,,きょうの猫村さんって何？,,,,series_kyounonekomurasan,1,0,Normal,,,Random,,0,0,false,,10,false,,
2310,きょうの猫村さん,きょうのねこむらさん,,,家の掃除とかをする、家政婦っていう仕事をする猫の話なんだ！,,,,series_kyounonekomurasan,1,1,Normal,,,Random,,0,0,false,,10,false,,
2310,きょうの猫村さん,きょうのねこむらさん,,,家政婦ってつまり、家の仕事を代わりにやってくれる人？うちに来るハウスキーパーさんみたいに？,,,,series_kyounonekomurasan,1,2,Normal,,,Random,,0,0,false,,10,false,,
2310,きょうの猫村さん,きょうのねこむらさん,,,あの仕事を猫がやってるの！？それはすごいねぇ……！,,,,series_kyounonekomurasan,1,3,Normal,,,Random,,0,0,false,,10,false,,
2311,猫ピッチャー,ねこぴっちゃー,,,猫ピッチャーって何？,,,,series_nekopiccha,1,0,Normal,,,Random,,0,0,false,,10,false,,
2311,猫ピッチャー,ねこぴっちゃー,,,え！？猫がスポーツもやってるんだ！,,,,series_nekopiccha,1,1,Normal,,,Random,,0,0,false,,10,false,,
2311,猫ピッチャー,ねこぴっちゃー,,,{{CAT_PRONOUN}}よりも立派な猫って沢山いるんだねぇ。{{CAT_PRONOUN}}も頑張らないと！,,,,series_nekopiccha,1,2,Normal,,,Random,,0,0,false,,10,false,,
2312,猫宮又奈,ねこみやまな,,,猫宮又奈って何？,,,,series_nekomiyamana,1,0,Normal,,,Random,,0,0,false,,10,false,,
2312,猫宮又奈,ねこみやまな,,,へぇ、そういう猫の女の子が出るゲームがあるんだ！,,,,series_nekomiyamana,1,1,Normal,,,Random,,0,0,false,,10,false,,
2312,猫宮又奈,ねこみやまな,,,尻尾が二本生えてて、あだ名が猫又なんだ！猫又仲間だ！,,,,series_nekomiyamana,1,2,Normal,,,Random,,0,0,false,,10,false,,
2313,プルクラ,ぷるくら,,,プルクラって何？,,,,series_purukura,1,0,Normal,,,Random,,0,0,false,,10,false,,
2313,プルクラ,ぷるくら,,,へぇ、そういう猫の女の子が出るゲームがあるんだ！,,,,series_purukura,1,1,Normal,,,Random,,0,0,false,,10,false,,
2313,プルクラ,ぷるくら,,,セクシーな猫なの？{{CAT_PRONOUN}}も真似したらセクシーになれるかな？,,,,series_purukura,1,2,Normal,,,Random,,0,0,false,,10,false,,
2314,猫たちの聖夜,ねこたちのせいや,,,猫たちの聖夜って何？,,,,series_nekotachinoseiya,1,0,Normal,,,Random,,0,0,false,,10,false,,
2314,猫たちの聖夜,ねこたちのせいや,,,猫たちが主役のミステリーなんだ！猫同士の事件を、猫が解決すると……。,,,,series_nekotachinoseiya,1,1,Normal,,,Random,,0,0,false,,10,false,,
2314,猫たちの聖夜,ねこたちのせいや,,,事件って、ケンカが原因って訳じゃないの？じゃあ、すごく賢い猫なんだね！,,,,series_nekotachinoseiya,1,2,Normal,,,Random,,0,0,false,,10,false,,
2315,猫たちの森,ねこたちのもり,,,猫たちの森って何？,,,,series_nekotachinomori,1,0,Normal,,,Random,,0,0,false,,10,false,,
2315,猫たちの森,ねこたちのもり,,,猫たちが主役のミステリーなんだ！主役の猫が去勢されそうになって旅にでちゃうんだ……。,,,,series_nekotachinomori,1,1,Normal,,,Random,,0,0,false,,10,false,,
2315,猫たちの森,ねこたちのもり,,,そういえば{{PLAYER_CALLING}}も、{{CAT_PRONOUN}}のこと去勢してないよね？,,,,series_nekotachinomori,1,2,Normal,,,Random,,0,0,false,,10,false,,
2315,猫たちの森,ねこたちのもり,,,……まあ、{{CAT_PRONOUN}}の場合は何があっても勝手に居なくなっちゃうことはないからね！,,,,series_nekotachinomori,1,3,Normal,,,Random,,0,0,false,,10,false,,
2316,ヒトナー,ひとなー,,,ヒトナーって何？,,,,series_hitona,1,0,Normal,,,Random,,0,0,false,,10,false,,
2316,ヒトナー,ひとなー,,,動物たちの世界で、人間が1人だけやって来る話なんだ！,,,,series_hitona,1,1,Normal,,,Random,,0,0,false,,10,false,,
2316,ヒトナー,ひとなー,,,ケモノが好きだからケモナーで、ヒトが好きだからヒトナーってことなんだ！,,,,series_hitona,1,2,Normal,,,Random,,0,0,false,,10,false,,
2316,ヒトナー,ひとなー,,,……つまり{{CAT_PRONOUN}}もヒトナーだ！それに魚を食べるのも好きだからサカナー！,,,,series_hitona,1,3,Normal,,,Random,,0,0,false,,10,false,,
2316,ヒトナー,ひとなー,,,え、それは違うの？,,,,series_hitona,1,4,Normal,,,Random,,0,0,false,,10,false,,
22002200,しかるねこ,しかるねこ,,,ええっと、叱ってほしいの？,,,,series_shikaruneko,1,0,Normal,,,Random,,0,0,false,,10,false,,
22002200,しかるねこ,しかるねこ,,,へぇ～ そういう作品があるんだ！,,,,series_shikaruneko,1,1,Normal,,,Random,,0,0,false,,10,false,,
22002200,しかるねこ,しかるねこ,,,でも、{{PLAYER_CALLING}}はいくらでものんびり暮らしていいし、遊んだり夜ふかしも自由にしてくれていいんだけどな。,,,,series_shikaruneko,1,2,Normal,,,Random,,0,0,false,,10,false,,
22002200,しかるねこ,しかるねこ,,,働くの、やめなさーい！,,,,series_shikaruneko,1,3,Normal,,,Random,,0,0,false,,10,false,,
2317,Puss in Boots,ぷすいんぶーつ,,,Puss in Bootsって何？,,,,puss_in_boots,1,0,Normal,,,Random,,0,0,false,,10,false,,
2317,Puss in Boots,ぷすいんぶーつ,,,長靴をはいてるかっこいい猫の英雄の話なんだ！英雄って何？,,,,puss_in_boots,1,1,Normal,,,Random,,0,0,false,,10,false,,
2317,Puss in Boots,ぷすいんぶーつ,,,ヒーローやヒロインとも言うの？どうやったら英雄になれるのかな？,,,,puss_in_boots,1,2,Normal,,,Random,,0,0,false,,10,false,,
2317,Puss in Boots,ぷすいんぶーつ,,,昔、{{CAT_PRONOUN}}を救ってくれた{{PLAYER_CALLING}}は、{{CAT_PRONOUN}}にとっては英雄だけど、{{PLAYER_CALLING}}にとって{{CAT_PRONOUN}}は英雄なのかな？,,,,puss_in_boots,1,3,Normal,,,Random,,0,0,false,,10,false,,
2318,どうぶつの森,どうぶつのもり,,,どうぶつの森って何？,,,,Animal_Crossing1,1,0,Normal,,,Random,,0,0,false,,10,false,,
2318,どうぶつの森,どうぶつのもり,,,森で、いろんな動物たちとスローライフするゲームなんだ！,,,,Animal_Crossing1,1,1,Normal,,,Random,,0,0,false,,10,false,,
2318,どうぶつの森,どうぶつのもり,,,猫の住民もいるんだね！{{PLAYER_CALLING}}と一緒にのんびり……は、今もしてるね！,,,,Animal_Crossing1,1,2,Normal,,,Random,,0,0,false,,10,false,,
2319,どうぶつの森の猫たち,どうぶつのもりのねこ,,,{{PLAYER_INPUT}}って何？,,,,Animal_Crossing2,1,0,Normal,,,Random,,0,0,false,,10,false,,
2319,どうぶつの森の猫たち,どうぶつのもりのねこ,,,どうぶつの森っていうゲームに出てくる猫なんだ！,,,,Animal_Crossing2,1,1,Normal,,,Random,,0,0,false,,10,false,,
2319,どうぶつの森の猫たち,どうぶつのもりのねこ,,,……{{CAT_PRONOUN}}以外の猫と、森で仲良く暮らしてたんだ？,,,,Animal_Crossing2,1,2,Normal,,,Random,,0,0,false,,10,false,,
2319,どうぶつの森の猫たち,どうぶつのもりのねこ,,,なーんてね。今はもう{{CAT_PRONOUN}}だけの{{PLAYER_CALLING}}だもんね。ヤキモチなんてしないよ！,,,,Animal_Crossing2,1,3,Normal,,,Random,,0,0,false,,10,false,,
2320,しらたまくん,しらたまくん,,,しらたまくんって何？,,,,series_shiratama,1,0,Normal,,,Random,,0,0,false,,10,false,,
2320,しらたまくん,しらたまくん,,,猫が人間の学校に通う話なんだ！,,,,series_shiratama,1,1,Normal,,,Random,,0,0,false,,10,false,,
2320,しらたまくん,しらたまくん,,,喋れて字も書けて人間の友達も作れるなんて、すごい猫だね！,,,,series_shiratama,1,2,Normal,,,Random,,0,0,false,,10,false,,
2321,猫ヶ原,ねこがはら,,,猫ヶ原って何？,,,,series_nekogahara,1,0,Normal,,,Random,,0,0,false,,10,false,,
2321,猫ヶ原,ねこがはら,,,猫の侍の話なんだ！サムライって何？,,,,series_nekogahara,1,1,Normal,,,Random,,0,0,false,,10,false,,
2321,猫ヶ原,ねこがはら,,,主君に仕える武士……ブシって何？,,,,series_nekogahara,1,2,Normal,,,Random,,0,0,false,,10,false,,
2321,猫ヶ原,ねこがはら,,,戦うことが仕事の身分……難しいけどちょっと分かった。そんな戦いが強い猫の話なんだね！,,,,series_nekogahara,1,3,Normal,,,Random,,0,0,false,,10,false,,
2322,またまたご冗談を,ごじょうだんを,,,またまたご冗談を？なにそれ？,,,,Joke_gojoudanwo,1,0,Normal,,,Random,,0,0,false,,10,false,,
2322,またまたご冗談を,ごじょうだんを,,,……片手を上げてそう言えばいいの？,,,,Joke_gojoudanwo,1,1,Normal,,,Random,,0,0,false,,10,false,,
2322,またまたご冗談を,ごじょうだんを,,,ご冗談を。,,,,Joke_gojoudanwo,1,2,Normal,,,Random,,0,0,false,timeline_sequence:LeftHandRaiseStart,10,false,,
2322,またまたご冗談を,ごじょうだんを,,,え？それだけ？結局なんなの？,,,,Joke_gojoudanwo,1,3,Normal,,,Random,,0,0,false,timeline_sequence:LeftHandRaiseEnd,10,false,,
2323,ニャンちゅう,にゃんちゅう,,,ニャンちゅうって何？,,,,series_nyanchu,1,1,Normal,,,Random,,0,0,false,,10,false,,
2323,ニャンちゅう,にゃんちゅう,,,ネズミの着ぐるみを着た猫のキャラクターなんだ。なんでネズミの着ぐるみを？,,,,series_nyanchu,1,2,Normal,,,Random,,0,0,false,,10,false,,
2323,ニャンちゅう,にゃんちゅう,,,……ネズミの気持ちを理解したいから？へぇ～。毛皮を着るだけで気持ちが分かるのかな？,,,,series_nyanchu,1,3,Normal,,,Random,,0,0,false,,10,false,,
2323,ニャンちゅう,にゃんちゅう,,,{{PLAYER_CALLING}}、洋服借りていい？{{PLAYER_CALLING}}の気持ちわかるかも？,,,,series_nyanchu,1,4,Normal,,,Random,,0,0,false,,10,false,,
2324,BEASTARS,びーすたーず,,,BEASTARSって何？,,,,series_beastars,1,1,Normal,,,Random,,0,0,false,,10,false,,
2324,BEASTARS,びーすたーず,,,動物たちの暮らす世界の話で、オオカミが主役なんだね！猫も居る？,,,,series_beastars,1,2,Normal,,,Random,,0,0,false,,10,false,,
2324,BEASTARS,びーすたーず,,,ネコ科の仲間はいっぱいいるんだ！……ねえ、猫は？？,,,,series_beastars,1,3,Normal,,,Random,,0,0,false,,10,false,,
2325,レンガー,れんがー,,,レンガーって何？,,,,series_rengar,1,0,Normal,,,Random,,0,0,false,,10,false,,
2325,レンガー,れんがー,,,ゲームに出てくる、大きな猫なんだ！草むらから飛び出してくるんだ！,,,,series_rengar,1,1,Normal,,,Random,,0,0,false,,10,false,,
2325,レンガー,れんがー,,,とても戦うのが得意な猫だけど、ライバルがいるんだ！,,,,series_rengar,1,2,Normal,,,Random,,0,0,false,,10,false,,
2325,レンガー,れんがー,,,ライバルは……でっかい虫？ちっちゃい虫なら怖くないけど……大きかったら怖いかも！,,,,series_rengar,1,3,Normal,,,Random,,0,0,false,,10,false,,
2326,にゃんこ大戦争,にゃんこだいせんそう,,,にゃんこ大戦争って何？,,,,series_nyanko_daisensou,1,0,Normal,,,Random,,0,0,false,,10,false,,
2326,にゃんこ大戦争,にゃんこだいせんそう,,,猫缶で猫をたくさん呼び出して相手の建物を壊すゲーム？,,,,series_nyanko_daisensou,1,1,Normal,,,Random,,0,0,false,,10,false,,
2326,にゃんこ大戦争,にゃんこだいせんそう,,,どんな猫がいるの？,,,,series_nyanko_daisensou,1,2,Normal,,,Random,,0,0,false,,10,false,,
2326,にゃんこ大戦争,にゃんこだいせんそう,,,⋯⋯えっと、みんな猫をなんだと思ってるの？？,,,,series_nyanko_daisensou,1,3,Normal,,,Random,,0,0,false,,10,false,,
2327,セロ弾きのゴーシュ,せろひきのごーしゅ,,,セロ弾きのゴーシュって何？,,,,series_serohiki_no_gauche,1,0,Normal,,,Random,,0,0,false,,10,false,,
2327,セロ弾きのゴーシュ,せろひきのごーしゅ,,,チェロを演奏する人の話で、猫がそれを聴きにやってくるんだね！,,,,series_serohiki_no_gauche,1,1,Normal,,,Random,,0,0,false,,10,false,,
2327,セロ弾きのゴーシュ,せろひきのごーしゅ,,,{{PLAYER_CALLING}}も、たまに歌を歌ったりしてるよね。いいなぁ。,,,,series_serohiki_no_gauche,1,2,Normal,,,Random,,0,0,false,,10,false,,
2327,セロ弾きのゴーシュ,せろひきのごーしゅ,,,ほら、{{CAT_PRONOUN}}の声はそんなにたくさんの声が出せるわけじゃ無いからね。,,,,series_serohiki_no_gauche,1,3,Normal,,,Random,,0,0,false,,10,false,,
2327,セロ弾きのゴーシュ,せろひきのごーしゅ,,,楽器なら演奏できるのかな？どうなんだろう？,,,,series_serohiki_no_gauche,1,4,Normal,,,Random,,0,0,false,,10,false,,
2328,ちびくろサンボ,ちびくろさんぼ,,,ちびくろサンボってなに？,,,,series_chibikuro_sambo,1,0,Normal,,,Random,,0,0,false,,10,false,,
2328,ちびくろサンボ,ちびくろさんぼ,,,トラがぐるぐる走り回ってバターになっちゃう話？,,,,series_chibikuro_sambo,1,1,Normal,,,Random,,0,0,false,,10,false,,
2328,ちびくろサンボ,ちびくろさんぼ,,,……ん？トラってたしか、猫の仲間だよね？,,,,series_chibikuro_sambo,1,2,Normal,,,Random,,0,0,false,,10,false,,
2328,ちびくろサンボ,ちびくろさんぼ,,,たくさん走り回ったら{{CAT_PRONOUN}}もバターになっちゃうの！？走るのやめておこうかな……。,,,,series_chibikuro_sambo,1,3,Normal,,,Random,,0,0,false,,10,false,,
2329,ニダリー,にだりー,,,ニダリーって何？,,,,series_nidalee,1,0,Normal,,,Random,,0,0,false,,10,false,,
2329,ニダリー,にだりー,,,ゲームに出てくる、クーガーのお姉さんなんだ！,,,,series_nidalee,1,1,Normal,,,Random,,0,0,false,,10,false,,
2329,ニダリー,にだりー,,,人間と猫を自由に変身できるんだ。どうして？,,,,series_nidalee,1,2,Normal,,,Random,,0,0,false,,10,false,,
2329,ニダリー,にだりー,,,……元々人間だったけど、森の猫たちと一緒に暮らしてたらそうなった？,,,,series_nidalee,1,3,Normal,,,Random,,0,0,false,,10,false,,
2329,ニダリー,にだりー,,,じゃあ、{{CAT_PRONOUN}}とずっと一緒にいる{{PLAYER_CALLING}}も、いつか猫になれるかもしれないってこと？,,,,series_nidalee,1,4,Normal,,,Random,,0,0,false,,10,false,,
2330,ダイナ,だいな,,,ダイナって何？,,,,series_dinah,1,0,Normal,,,Random,,0,0,false,,10,false,,
2330,ダイナ,だいな,,,不思議の国のアリスって話に出てくる、アリスの飼い猫なんだ！,,,,series_dinah,1,1,Normal,,,Random,,0,0,false,,10,false,,
2330,ダイナ,だいな,,,チェシャ猫っていう不思議な猫が有名だけど、普通の飼い猫も出てくるんだね！,,,,series_dinah,1,2,Normal,,,Random,,0,0,false,,10,false,,
2330,ダイナ,だいな,,,{{CAT_PRONOUN}}も普通の飼い猫……だったよね！今は違うけど……。,,,,series_dinah,1,3,Normal,,,Random,,0,0,false,,10,false,,
2331,猫女房,ねこにょうぼう,,,猫女房って何？,,,,series_neko_nyoubou,1,0,Normal,,,Random,,0,0,false,,10,false,,
2331,猫女房,ねこにょうぼう,,,人間に助けてもらった猫が、人間に化けて恩返しに来て結婚する話なんだ！,,,,series_neko_nyoubou,1,1,Normal,,,Random,,0,0,false,,10,false,,
2331,猫女房,ねこにょうぼう,,,人間には変身しないけど、昔助けてもらってて、恩返しをしてるところは{{CAT_PRONOUN}}と一緒かも！,,,,series_neko_nyoubou,1,2,Normal,,,Random,,0,0,false,,10,false,,
2331,猫女房,ねこにょうぼう,,,でも、人間に正体を知られたらいけないんだ……。どうして正体を知られちゃいけないんだろう。,,,,series_neko_nyoubou,1,3,Normal,,,Random,,0,0,false,,10,false,,
2331,猫女房,ねこにょうぼう,,,{{CAT_PRONOUN}}はこんなに堂々と恩返ししてるのにね！,,,,series_neko_nyoubou,1,4,Normal,,,Random,,0,0,false,,10,false,,
2332,モンスターハンター,(もんすたーはんたー|もんはん),,,モンスターハンターって何？,,,,series_monster_hunter,1,0,Normal,,,Random,,0,0,false,,10,false,,
2332,モンスターハンター,(もんすたーはんたー|もんはん),,,アイルーとメラルーっていう猫が出てくるゲームなんだ！,,,,series_monster_hunter,1,1,Normal,,,Random,,0,0,false,,10,false,,
2332,モンスターハンター,(もんすたーはんたー|もんはん),,,……二足歩行で喋れて戦える猫？,,,,series_monster_hunter,1,2,Normal,,,Random,,0,0,false,,10,false,,
2332,モンスターハンター,(もんすたーはんたー|もんはん),,,{{CAT_PRONOUN}}がいうのも変だけど、かなり妖怪じゃない？,,,,series_monster_hunter,1,3,Normal,,,Random,,0,0,false,,10,false,,
2336,クロネコヤマト,(くろねこやまと|やまとうんゆ|やまと運輸),,,クロネコヤマトって何？,,,,series_kuroneko_yamato,1,0,Normal,,,Random,,0,0,false,,10,false,,
2336,クロネコヤマト,(くろねこやまと|やまとうんゆ|やまと運輸),,,黒猫がトレードマークの、荷物を運んでくれるお仕事なんだ！,,,,series_kuroneko_yamato,1,1,Normal,,,Random,,0,0,false,,10,false,,
2336,クロネコヤマト,(くろねこやまと|やまとうんゆ|やまと運輸),,,お荷物ってことは、{{CAT_PRONOUN}}のトイレの砂とかご飯とかもクロネコヤマトが持ってきてくれてるの？,,,,series_kuroneko_yamato,1,2,Normal,,,Random,,0,0,false,,10,false,,
2336,クロネコヤマト,(くろねこやまと|やまとうんゆ|やまと運輸),,,じゃあ、ものすごくお世話になってるじゃん！働き者の猫なんだね！,,,,series_kuroneko_yamato,1,3,Normal,,,Random,,0,0,false,,10,false,,
2337,ネコポス,ねこぽす,,,ネコポスって何？,,,,series_nekoposu,1,0,Normal,,,Random,,0,0,false,,10,false,,
2337,ネコポス,ねこぽす,,,小さなお荷物を送るための袋なんだ。,,,,series_nekoposu,1,1,Normal,,,Random,,0,0,false,,10,false,,
2337,ネコポス,ねこぽす,,,どのくらいの大きさ？{{CAT_PRONOUN}}が中に入れるくらいかな？,,,,series_nekoposu,1,2,Normal,,,Random,,0,0,false,,10,false,,
2337,ネコポス,ねこぽす,,,ポストに入るくらい……？ポストって、見たことないかな……。,,,,series_nekoposu,1,3,Normal,,,Random,,0,0,false,,10,false,,
2338,白猫プロジェクト,しろねこぷろじぇくと,,,白猫プロジェクトって何？,,,,series_shironeko_project,1,0,Normal,,,Random,,0,0,false,,10,false,,
2338,白猫プロジェクト,しろねこぷろじぇくと,,,キャトラっていう猫が出てくるゲームなんだ！,,,,series_shironeko_project,1,1,Normal,,,Random,,0,0,false,,10,false,,
2338,白猫プロジェクト,しろねこぷろじぇくと,,,白の王国 と黒の王国、白の猫と黒の猫がそれぞれあるんだ。,,,,series_shironeko_project,1,2,Normal,,,Random,,0,0,false,,10,false,,
2338,白猫プロジェクト,しろねこぷろじぇくと,,,……え、もしかして白猫と黒猫でケンカしてるの？そんなことないよね？？,,,,series_shironeko_project,1,3,Normal,,,Random,,0,0,false,,10,false,,
2339,黒猫のウィズ,くろねこのうぃず,,,黒猫のウィズって何？,,,,series_kuroneko_no_wiz,1,0,Normal,,,Random,,0,0,false,,10,false,,
2339,黒猫のウィズ,くろねこのうぃず,,,猫がでてくる、クイズを遊ぶゲームなんだ！クイズって何？,,,,series_kuroneko_no_wiz,1,1,Normal,,,Random,,0,0,false,,10,false,,
2339,黒猫のウィズ,くろねこのうぃず,,,問題を出して、正解を当てるゲーム？たとえば？,,,,series_kuroneko_no_wiz,1,2,Normal,,,Random,,0,0,false,,10,false,,
2339,黒猫のウィズ,くろねこのうぃず,,,顔を前足でゴシゴシ洗うようなポーズをすると「明日は雨が降る」と言われている動物は何かって？え、知らない……。,,,,series_kuroneko_no_wiz,1,3,Normal,,,Random,,0,0,false,,10,false,,
2339,黒猫のウィズ,くろねこのうぃず,,,答えは猫なの！？{{CAT_PRONOUN}}ってそんな事できたんだ！？,,,,series_kuroneko_no_wiz,1,4,Normal,,,Random,,0,0,false,,10,false,,
2340,ネフェルピトー,ねふぇるぴとー,,,ネフィルピトーって何？,,,,series_neferpitou,1,0,Normal,,,Random,,0,0,false,,10,false,,
2340,ネフェルピトー,ねふぇるぴとー,,,猫のモチーフのキャラクターなんだね！,,,,series_neferpitou,1,1,Normal,,,Random,,0,0,false,,10,false,,
2340,ネフェルピトー,ねふぇるぴとー,,,すごい身体能力を持ってて、戦っても強い上に、すごい長い距離をジャンプした……？,,,,series_neferpitou,1,2,Normal,,,Random,,0,0,false,,10,false,,
2340,ネフェルピトー,ねふぇるぴとー,,,{{CAT_PRONOUN}}もジャンプには自信あるよ！２メートルくらい……？,,,,series_neferpitou,1,3,Normal,,,Random,,0,0,false,,10,false,,
2341,イヅツミ,いづつみ,,,イヅツミって何？,,,,series_izutsumi,1,0,Normal,,,Random,,0,0,false,,10,false,,
2341,イヅツミ,いづつみ,,,ダンジョン飯っていう話に出てくる、猫と人間が混ざってるキャラクターなんだ。,,,,series_izutsumi,1,1,Normal,,,Random,,0,0,false,,10,false,,
2341,イヅツミ,いづつみ,,,人間の気持ちと猫の気持ちがどっちもあるの？ 気持ちが混ざってるって、どういう感じなんだろう。,,,,series_izutsumi,1,2,Normal,,,Random,,0,0,false,,10,false,,
2341,イヅツミ,いづつみ,,,イヅツミは人間に戻りたがってるんだ。猫は良いものだけど……混ざってるのはあまりいい気持ちじゃないかもね。,,,,series_izutsumi,1,3,Normal,,,Random,,0,0,false,,10,false,,
2342,エジプト猫戦争,えじぷとねこせんそう,,,エジプト猫戦争って何？,,,,series_egypt_cat_war,1,0,Normal,,,Random,,0,0,false,,10,false,,
2342,エジプト猫戦争,えじぷとねこせんそう,,,猫を盾にして攻め込んだ国があるの⋯⋯！？あまりにもひどくない⋯⋯？,,,,series_egypt_cat_war,1,1,Normal,,,Random,,0,0,false,,10,false,,
2342,エジプト猫戦争,えじぷとねこせんそう,,,エジプトの人たちは猫たちを攻撃できなくて戦いに負けてしまったなんて……。,,,,series_egypt_cat_war,1,2,Normal,,,Random,,0,0,false,,10,false,,
2342,エジプト猫戦争,えじぷとねこせんそう,,,⋯⋯エジプトの人たちが正しいよ！みんな猫が好きで優しかったんだよね！！,,,,series_butsurigaku,1,3,Normal,,,Random,,0,0,false,,10,false,,
2343,シュレディンガーの猫,しゅれでぃんがーのねこ,,,シュレディンガーの猫って何？,,,,series_butsurigaku,1,0,Normal,,,Random,,0,0,false,,10,false,,
2343,シュレディンガーの猫,しゅれでぃんがーのねこ,,,猫の入った箱を開けて確かめるまで「生きている」と「死んでいる」の両方の状態が重ね合わさっていると考える思考実験……はあ。,,,,series_butsurigaku,1,1,Normal,,,Random,,0,0,false,,10,false,,
2343,シュレディンガーの猫,しゅれでぃんがーのねこ,,,えっと、それになんで猫の生死がかかってるの？,,,,series_butsurigaku,1,2,Normal,,,Random,,0,0,false,,10,false,,
2343,シュレディンガーの猫,しゅれでぃんがーのねこ,,,……中に毒ガスの入った瓶があるから！？なんてことするの！,,,,series_butsurigaku,1,3,Normal,,,Random,,0,0,false,,10,false,,
2344,俺と二股尻尾の飲み友達,おれとふたまたしっぽののみともだち,,,俺と二股尻尾の飲み友達って何？,,,,series_futamatasippo,1,0,Normal,,,Random,,0,0,false,,10,false,,
2344,俺と二股尻尾の飲み友達,おれとふたまたしっぽののみともだち,,,人間と猫又が一緒にお酒を飲む話？えー！楽しそう！,,,,series_futamatasippo,1,1,Normal,,,Random,,0,0,false,,10,false,,
2344,俺と二股尻尾の飲み友達,おれとふたまたしっぽののみともだち,,,でも……{{CAT_PRONOUN}}はお酒を全然魅力に感じないんだよね。なんでだろう？,,,,series_futamatasippo,1,2,Normal,,,Random,,0,0,false,,10,false,,
2344,俺と二股尻尾の飲み友達,おれとふたまたしっぽののみともだち,,,{{PLAYER_CALLING}}はお酒好き？{{CAT_PRONOUN}}と一緒に飲みにいける？,,,,series_futamatasippo,1,3,Normal,,,Random,,0,0,false,,10,false,,
2345,１１ぴきのねこ,(１１|じゅういち|じゅういっ)(ぴき|ひき)のねこ,,,１１ぴきのねこって何？,,,,series_11hiki,1,0,Normal,,,Random,,0,0,false,,10,false,,
2345,１１ぴきのねこ,(１１|じゅういち|じゅういっ)(ぴき|ひき)のねこ,,,１１匹のねこの話なんだ！みんな家族なの？違うんだ！へぇ～。,,,,series_11hiki,1,1,Normal,,,Random,,0,0,false,,10,false,,
2345,１１ぴきのねこ,(１１|じゅういち|じゅういっ)(ぴき|ひき)のねこ,,,たいしょう１匹と、１０匹のおともなんだ。,,,,series_11hiki,1,2,Normal,,,Random,,0,0,false,,10,false,,
2345,１１ぴきのねこ,(１１|じゅういち|じゅういっ)(ぴき|ひき)のねこ,,,現実にも、ボス猫っているからね！そんな感じなのかな！みんなあまり言う事聞かないけど。,,,,series_11hiki,1,3,Normal,,,Random,,0,0,false,,10,false,,
2346,ネコバス,ねこばす,,,ネコバスって何？,,,,series_nekobasu,1,0,Normal,,,Random,,0,0,false,,10,false,,
2346,ネコバス,ねこばす,,,猫のバス？バスって、大きな車？車は怖い！,,,,series_nekobasu,1,1,Normal,,,Random,,0,0,false,,10,false,,
2346,ネコバス,ねこばす,,,……大きな猫の体の中に乗る？,,,,series_nekobasu,1,2,Normal,,,Random,,0,0,false,,10,false,,
2346,ネコバス,ねこばす,,,えっと、それって、食べちゃってお腹の中に入れちゃうってこと？！どっちにせよ怖い乗り物ってことじゃん！,,,,series_nekobasu,1,3,Normal,,,Random,,0,0,false,,10,false,,
2347,モルガナ,もるがな,,,モルガナって何？,,,,series_morugana,1,0,Normal,,,Random,,0,0,false,,10,false,,
2347,モルガナ,もるがな,,,ゲームに出てくる喋る黒猫なんだね！どんな猫なの？,,,,series_morugana,1,1,Normal,,,Random,,0,0,false,,10,false,,
2347,モルガナ,もるがな,,,……え？本人は自分は猫じゃなくて人間だって言ってるの？なんで？,,,,series_morugana,1,2,Normal,,,Random,,0,0,false,,10,false,,
2347,モルガナ,もるがな,,,……猫なら人間の言葉を喋るわけないから？え、それじゃ私も猫じゃなくて人間だったの……！？,,,,series_morugana,1,3,Normal,,,Random,,0,0,false,,10,false,,
2348,ストレイキャット,(すとれいきゃっと|すとれい・きゃっと),,,ストレイ・キャットって何？,,,,series_stray_cat,1,0,Normal,,,Random,,0,0,false,,10,false,,
2348,ストレイキャット,(すとれいきゃっと|すとれい・きゃっと),,,猫の姿をした植物なの？草ってこと？,,,,series_stray_cat,1,1,Normal,,,Random,,0,0,false,,10,false,,
2348,ストレイキャット,(すとれいきゃっと|すとれい・きゃっと),,,空気を操る能力がある……　えっと、空気って？,,,,series_stray_cat,1,2,Normal,,,Random,,0,0,false,,10,false,,
2348,ストレイキャット,(すとれいきゃっと|すとれい・きゃっと),,,目に見えないけど生きるのに必要なもの？それを自在に操るってこと？最強じゃん！,,,,series_stray_cat,1,3,Normal,,,Random,,0,0,false,,10,false,,
2349,ネコアルク,ねこあるく,,,ネコアルクって何？歩くこと？,,,,series_nekoarc,1,0,Normal,,,Random,,0,0,false,,10,false,,
2349,ネコアルク,ねこあるく,,,人語を解す謎の生物……えっと、猫？,,,,series_nekoarc,1,1,Normal,,,Random,,0,0,false,,10,false,,
2349,ネコアルク,ねこあるく,,,爪で攻撃、わかる。ビーム？ジェット？ネコアルクを無限に呼ぶ？,,,,series_nekoarc,1,2,Normal,,,Random,,0,0,false,,10,false,,
2349,ネコアルク,ねこあるく,,,なんなの？少なくとも猫じゃないよね？？,,,,series_nekoarc,1,3,Normal,,,Random,,0,0,false,,10,false,,
2350,バステト,ばすてと,,,エジプトで祀られてる、猫の姿をした神様なんだ！,,,,series_bastet,1,0,Normal,,,Random,,0,0,false,,10,false,,
2350,バステト,ばすてと,,,とても偉い猫ってことだね。エジプトの人たちは猫が好きだったの？,,,,series_bastet,1,1,Normal,,,Random,,0,0,false,,10,false,,
2350,バステト,ばすてと,,,……猫以外にも、いろんな動物が神様になってるんだ！じゃあ動物好きってこと？いいことだね！,,,,series_bastet,1,2,Normal,,,Random,,0,0,false,,10,false,,
2351,泣きたい私は猫をかぶる,なきたいわたしはねこをかぶる,,,不思議なお面を使って、猫に変身する女の子の話なんだ！,,,,series_nakitai_watashi_wa_neko_wo_kaburu,1,0,Normal,,,Random,,0,0,false,,10,false,,
2351,泣きたい私は猫をかぶる,なきたいわたしはねこをかぶる,,,{{PLAYER_CALLING}}も、猫に変身したいと思うの？,,,,series_nakitai_watashi_wa_neko_wo_kaburu,1,1,Normal,,,Random,,0,0,false,,10,false,,
2351,泣きたい私は猫をかぶる,なきたいわたしはねこをかぶる,,,{{CAT_PRONOUN}}は……人間の{{PLAYER_CALLING}}のことが好きだけどね！,,,,series_nakitai_watashi_wa_neko_wo_kaburu,1,2,Normal,,,Random,,0,0,false,,10,false,,
2352,おなかのかわ,おなかのかわ,,,おなかのかわって何？,,,,series_onaka_no_kawa,1,0,Normal,,,Random,,0,0,false,,10,false,,
2352,おなかのかわ,おなかのかわ,,,そういう話があるんだね！,,,,series_onaka_no_kawa,1,1,Normal,,,Random,,0,0,false,,10,false,,
2352,おなかのかわ,おなかのかわ,,,お腹をすかせた猫が、目に映るものをどんどん食べていっちゃう話なんだ。,,,,series_onaka_no_kawa,1,2,Normal,,,Random,,0,0,false,,10,false,,
2352,おなかのかわ,おなかのかわ,,,友達も人間も車もなんでも食べるの……？,,,,series_onaka_no_kawa,1,3,Normal,,,Random,,0,0,false,,10,false,,
2352,おなかのかわ,おなかのかわ,,,そんなに食べるには、ものすごく大きな猫にならないとね！,,,,series_onaka_no_kawa,1,4,Normal,,,Random,,0,0,false,,10,false,,
2353,ルドルフとイッパイアッテナ,るどるふといっぱいあってな,,,へぇ、ルドルフと、イッパイアッテナの２匹の猫の話なんだ。変な名前！,,,,series_rudolf,1,1,Normal,,,Random,,0,0,false,,10,false,,
2353,ルドルフとイッパイアッテナ,るどるふといっぱいあってな,,,子猫に向かって「いっぱいあってな」って言ったら勘違いされちゃったんだ！,,,,series_rudolf,1,2,Normal,,,Random,,0,0,false,,10,false,,
2353,ルドルフとイッパイアッテナ,るどるふといっぱいあってな,,,でも、名前がいっぱいあるってどうしてなんだろう？{{PLAYER_CALLING}}の名前はいっぱいある？,,,,series_rudolf,1,3,Normal,,,Random,,0,0,false,,10,false,,
2354,みかん絵日記,みかんえにっき,,,みかん絵日記って何？,,,,series_mikan_e_nikki,1,1,Normal,,,Random,,0,0,false,,10,false,,
2354,みかん絵日記,みかんえにっき,,,そういう話があるんだ！人間と喋れる猫の話？,,,,series_mikan_e_nikki,1,2,Normal,,,Random,,0,0,false,,10,false,,
2354,みかん絵日記,みかんえにっき,,,喋れる猫っていうだけで怖がられちゃうこともあるんだ。そんなに怖いの？,,,,series_mikan_e_nikki,1,3,Normal,,,Random,,0,0,false,,10,false,,
2354,みかん絵日記,みかんえにっき,,,{{PLAYER_CALLING}}はどう？{{CAT_PRONOUN}}のこと怖く感じる？,,,,series_mikan_e_nikki,1,4,Normal,,,Random,,0,0,false,,10,false,,
2355,ジェニィ,じぇにぃ,,,ジェニィって何？,,,,series_jenny,1,0,Normal,,,Random,,0,0,false,,10,false,,
2355,ジェニィ,じぇにぃ,,,事故にあった後、気がついたら猫になってた人間の話なんだ！先輩猫が、猫としての生き方を教えてくれるんだ！,,,,series_jenny,1,1,Normal,,,Random,,0,0,false,,10,false,,
2355,ジェニィ,じぇにぃ,,,もし{{PLAYER_CALLING}}が猫になっちゃったら……いや、危険な家の外になんか出せない！ずっとおうちで一緒に暮らそうね！,,,,series_jenny,1,2,Normal,,,Random,,0,0,false,,10,false,,
2356,ラーメン赤猫,らーめんあかねこ,,,ラーメン赤猫って何？,,,,series_ramen_akaneko,1,0,Normal,,,Random,,0,0,false,,10,false,,
2356,ラーメン赤猫,らーめんあかねこ,,,猫たちがラーメン屋を経営してる話なんだ！そこに人間が一人採用されるの？そうなんだ！,,,,series_ramen_akaneko,1,1,Normal,,,Random,,0,0,false,,10,false,,
2356,ラーメン赤猫,らーめんあかねこ,,,{{CAT_PRONOUN}}もお料理できるかな？{{PLAYER_CALLING}}の食べるものを{{CAT_PRONOUN}}が作ってあげられたら、{{PLAYER_CALLING}}も嬉しいよね！,,,,series_ramen_akaneko,1,2,Normal,,,Random,,0,0,false,,10,false,,
2357,同居人はひざ、時々、頭のうえ,どうきょにんはひざときどきあたまのうえ,,,同居人はひざ、時々、頭のうえって何？,,,,series_hiza_atama,1,1,Normal,,,Random,,0,0,false,,10,false,,
2357,同居人はひざ、時々、頭のうえ,どうきょにんはひざときどきあたまのうえ,,,猫に命を狙われる話？！本当に？,,,,series_hiza_atama,1,2,Normal,,,Random,,0,0,false,,10,false,,
2357,同居人はひざ、時々、頭のうえ,どうきょにんはひざときどきあたまのうえ,,,あ、実際のところはそんなことない？ふーん……,,,,series_hiza_atama,1,3,Normal,,,Random,,0,0,false,,10,false,,
2357,同居人はひざ、時々、頭のうえ,どうきょにんはひざときどきあたまのうえ,,,でも、人間から見たらそう思うだけで、猫は本気でそう思ってるのかもしれないよ？,,,,series_hiza_atama,1,4,Normal,,,Random,,0,0,false,,10,false,,
2357,同居人はひざ、時々、頭のうえ,どうきょにんはひざときどきあたまのうえ,,,……{{CAT_PRONOUN}}は平気だよ？でも、わざと怒らせたりしないでね？,,,,series_hiza_atama,1,5,Normal,,,Random,,0,0,false,,10,false,,
2358,パウバート,ぱうばーと,,,パウバートって何？,,,,series_pawbert,1,0,Normal,,,Random,,0,0,false,,10,false,,
2358,パウバート,ぱうばーと,,,オオヤマネコのおんぞーし？丁寧な猫のお兄さんなの？えっと、まず、おんぞーしってなに？,,,,series_pawbert,1,1,Normal,,,Random,,0,0,false,,10,false,,
2358,パウバート,ぱうばーと,,,有名な家庭で生まれ育ったオスのこと？……ボス猫の子供みたいな感じ？,,,,series_pawbert,1,2,Normal,,,Random,,0,0,false,,10,false,,
2358,パウバート,ぱうばーと,,,じゃあパウバートは、ボスに似て強いオスってこと？あ、そうじゃないんだ。きっと優しいんだね！,,,,series_pawbert,1,3,Normal,,,Random,,0,0,false,,10,false,,
2359,となりの妖怪さん,となりのようかいさん,,,となりの妖怪さんって何？,,,,series_tonari_youkaisaan,1,1,Normal,,,Random,,0,0,false,,10,false,,
2359,となりの妖怪さん,となりのようかいさん,,,人間と妖怪と神様がいる所で暮らす話で、ぶちおっていう猫又が出てくるんだ！先輩だ！,,,,series_tonari_youkaisaan,1,2,Normal,,,Random,,0,0,false,,10,false,,
2359,となりの妖怪さん,となりのようかいさん,,,ところで{{CAT_PRONOUN}}以外の猫又って、どうやって猫又になったんだろう？{{CAT_PRONOUN}}は、「{{PLAYER_CALLING}}を守らなきゃ！」って思ったら気がついたらこうなってたんだけど。,,,,series_tonari_youkaisaan,1,3,Normal,,,Random,,0,0,false,,10,false,,
2360,阪本さん,さかもと,,,阪本って何？,,,,series_sakamoto,1,0,Normal,,,Random,,0,0,false,,10,false,,
2360,阪本さん,さかもと,,,日常って話に、坂本って名前の喋れる猫がいるんだ！,,,,series_sakamoto,1,1,Normal,,,Random,,0,0,false,,10,false,,
2360,阪本さん,さかもと,,,ん？坂本のほうが年上だから、ちゃんとさん付けで呼ぶの？じゃあ、坂本さん。,,,,series_sakamoto,1,2,Normal,,,Random,,0,0,false,,10,false,,
2360,阪本さん,さかもと,,,{{PLAYER_CALLING}}も{{CAT_PRONOUN}}より年上だよね？さん付けで呼ぶ？{{PLAYER_NAME}}さん？,,,,series_sakamoto,1,3,Normal,,,Random,,0,0,false,,10,false,,
2361,フィリックス,ふぃりっくす,,,フィリックスって何？,,,,series_felix,1,0,Normal,,,Random,,0,0,false,,10,false,,
2361,フィリックス,ふぃりっくす,,,世界敵に有名な黒猫のキャラクターなんだ！どのくらい有名なの？,,,,series_felix,1,1,Normal,,,Random,,0,0,false,,10,false,,
2361,フィリックス,ふぃりっくす,,,……日本ではお菓子のつつみ紙で有名？え、物語とかじゃなくって？むしろ物語はあまり知られてないの？,,,,series_felix,1,2,Normal,,,Random,,0,0,false,,10,false,,
2361,フィリックス,ふぃりっくす,,,まあ、猫は見てるだけで可愛いもんね！どんなことをしたのかって、あまり気にならないのかな。,,,,series_felix,1,3,Normal,,,Random,,0,0,false,,10,false,,
2362,ながいこえのねこ,ながいこえのねこ,,,長い声の猫って何？,,,,series_nagai_koe,1,1,Normal,,,Random,,0,0,false,,10,false,,
2362,ながいこえのねこ,ながいこえのねこ,,,魔法陣を描くと出てくる猫？鳴き声を聞くと戦意喪失する上に、魔法を解除しちゃうんだ！,,,,series_nagai_koe,1,2,Normal,,,Random,,0,0,false,,10,false,,
2362,ながいこえのねこ,ながいこえのねこ,,,……えーっと、もしかして、{{CAT_PRONOUN}}がその声聞いたら普通の猫に戻っちゃったりしない……？大丈夫だよね……？,,,,series_nagai_koe,1,3,Normal,,,Random,,0,0,false,,10,false,,
2363,今夜は猫ちゃん,こんやはねこちゃん|こよいはねこちゃん,,,{{PLAYER_INPUT}}って何？,,,,series_konya_nekochan,1,1,Normal,,,Random,,0,0,false,,10,false,,
2363,今夜は猫ちゃん,こんやはねこちゃん|こよいはねこちゃん,,,そういう猫のマンガがあるんだ！どんな内容なの？,,,,series_konya_nekochan,1,2,Normal,,,Random,,0,0,false,,10,false,,
2363,今夜は猫ちゃん,こんやはねこちゃん|こよいはねこちゃん,,,……ないようはさしひかえる？え？じゃあなんで話したの！？,,,,series_konya_nekochan,1,3,Normal,,,Random,,0,0,false,,10,false,,
2364,のんたん,のんたん,,,ノンタンって何？,,,,series_nontan,1,1,Normal,,,Random,,0,0,false,,10,false,,
2364,のんたん,のんたん,,,日本の絵本の猫なんだ！ノンタンっていう、白いふわふわの猫が出てくるんだ。どんな猫なの？,,,,series_nontan,1,2,Normal,,,Random,,0,0,false,,10,false,,
2364,のんたん,のんたん,,,いたずらっ子だけど寂しがりやで憶病？そっか。すごく猫らしい猫なんじゃない？{{CAT_PRONOUN}}もイタズラ大好きだしね！,,,,series_nontan,1,3,Normal,,,Random,,0,0,false,,10,false,,
2365,ニャイト・オブ・ザ・リビングキャット,にゃいとおぶざりびんぐきゃっと,,,ニャイト・オブ・ザ・リビングキャットって何？,,,,series_night_living_cat,1,0,Normal,,,Random,,0,0,false,,10,false,,
2365,ニャイト・オブ・ザ・リビングキャット,にゃいとおぶざりびんぐきゃっと,,,人間が、ぞんび？の代わりに猫に感染する話？まず、ゾンビって何？,,,,series_night_living_cat,1,1,Normal,,,Random,,0,0,false,,10,false,,
2365,ニャイト・オブ・ザ・リビングキャット,にゃいとおぶざりびんぐきゃっと,,,身体の腐ったおばけ？うわぁ……。そりゃあゾンビよりも猫になりたいって思うのも無理はないね……。,,,,series_night_living_cat,1,2,Normal,,,Random,,0,0,false,,10,false,,
2366,魔女の宅急便,まじょのたっきゅうびん,,,魔女の宅急便って何？,,,,series_majo_takkyubin,1,0,Normal,,,Random,,0,0,false,,10,false,,
2366,魔女の宅急便,まじょのたっきゅうびん,,,魔女と黒猫が出てくる話なんだ！猫と一緒に、ほうきに乗って空を飛ぶ！？え、落ちちゃわない？大丈夫？,,,,series_majo_takkyubin,1,1,Normal,,,Random,,0,0,false,,10,false,,
2366,魔女の宅急便,まじょのたっきゅうびん,,,猫は細いところも歩けるけど、空飛ぶ棒の上に乗るなんて、{{CAT_PRONOUN}}には怖くて無理！！,,,,series_majo_takkyubin,1,2,Normal,,,Random,,0,0,false,,10,false,,
2367,マッドラットデッド,まっどらっとでっど,,,マッドラットデッドって何？,,,,series_maddratratdead,1,1,Normal,,,Random,,0,0,false,,10,false,,
2367,マッドラットデッド,まっどらっとでっど,,,人間に復讐しようとするネズミの話で、猫も出てくるんだ！ネズミのライバルとして登場してるんだね。,,,,series_maddratratdead,1,2,Normal,,,Random,,0,0,false,,10,false,,
2367,マッドラットデッド,まっどらっとでっど,,,人間と戦おうとするなんて勇敢だね。どうやって戦うのかな。人間をちっちゃく縮めたら、余裕で戦えるんだけど。,,,,series_maddratratdead,1,3,Normal,,,Random,,0,0,false,,10,false,,
2368,ねこにてんせいしたおじさん,ねこにてんせいしたおじさん,,,猫に転生したおじさんって何？,,,,series_neko_tensei_ojisan,1,1,Normal,,,Random,,0,0,false,,10,false,,
2368,ねこにてんせいしたおじさん,ねこにてんせいしたおじさん,,,そのまま、猫に転生した人間のおじさんの話なんだ。猫から見たら、すぐ普通の猫じゃないなって気が付きそう……。,,,,series_neko_tensei_ojisan,1,2,Normal,,,Random,,0,0,false,,10,false,,
2368,ねこにてんせいしたおじさん,ねこにてんせいしたおじさん,,,だって、人間になった猫を見たら、{{PLAYER_CALLING}}ならすぐおかしいって気がつくんじゃない？バレないなら、おじさんにはよほど猫の才能があるのかも。,,,,series_neko_tensei_ojisan,1,3,Normal,,,Random,,0,0,false,,10,false,,
2369,キメねこ,きめねこ,,,キメねこって何？,,,,series_kimeneko,1,0,Normal,,,Random,,0,0,false,,10,false,,
2369,キメねこ,きめねこ,,,……あぶない草とかをあえて使って、気持ちよくなる猫のこと？えっと、なんかすごいね？,,,,series_kimeneko,1,1,Normal,,,Random,,0,0,false,,10,false,,
2369,キメねこ,きめねこ,,,あぶない草ってつまり、ネギとかでしょ？{{PLAYER_CALLING}}は平気だけど、猫にとって毒のやつ。,,,,series_kimeneko,1,2,Normal,,,Random,,0,0,false,,10,false,,
2369,キメねこ,きめねこ,,,え？そのレベルじゃない？命が関わる以上に危険な草ってこと……？,,,,series_kimeneko,1,3,Normal,,,Random,,0,0,false,,10,false,,
2370,すーぱーぬこになりたい,すーぱーぬこになりたい,,,すーぱーぬこになりたいって何？,,,,series_super_neko,1,0,Normal,,,Random,,0,0,false,,10,false,,
2370,すーぱーぬこになりたい,すーぱーぬこになりたい,,,猫になりたいっていう曲？そうなんだ！,,,,series_super_neko,1,1,Normal,,,Random,,0,0,false,,10,false,,
2370,すーぱーぬこになりたい,すーぱーぬこになりたい,,,猫だって大変なんだよ？ほら、ご主人の面倒を見たり！,,,,series_super_neko,1,2,Normal,,,Random,,0,0,false,,10,false,,
2371,すーぱーぬこになれんかった,すーぱーぬこになれんかった,,,すーぱーぬこになれんかったって何？,,,,series_super_neko_narenkatta,1,0,Normal,,,Random,,0,0,false,,10,false,,
2371,すーぱーぬこになれんかった,すーぱーぬこになれんかった,,,猫になりたいっていう曲？そうなんだ！,,,,series_super_neko_narenkatta,1,1,Normal,,,Random,,0,0,false,,10,false,,
2371,すーぱーぬこになれんかった,すーぱーぬこになれんかった,,,あれ？「なれんかった」ってことは、なれなかったって意味じゃないの？,,,,series_super_neko_narenkatta,1,2,Normal,,,Random,,0,0,false,,10,false,,
2372,黒ネコのタンゴ,くろねこのたんご,,,黒ネコのタンゴって何？,,,,series_kuroneko_tango,1,0,Normal,,,Random,,0,0,false,,10,false,,
2372,黒ネコのタンゴ,くろねこのたんご,,,そういう歌があるんだね！黒猫の名前がタンゴなの？,,,,series_kuroneko_tango,1,1,Normal,,,Random,,0,0,false,,10,false,,
2372,黒ネコのタンゴ,くろねこのたんご,,,タンゴっていう踊りと音楽のことだったんだ。,,,,series_kuroneko_tango,1,2,Normal,,,Random,,0,0,false,,10,false,,
2372,黒ネコのタンゴ,くろねこのたんご,,,元々は黒猫がほしかったのに、白猫をプレゼントされて怒っちゃう曲？毛色ってそんなに大切なんだ……。,,,,series_kuroneko_tango,1,3,Normal,,,Random,,0,0,false,,10,false,,
2373,44匹のねこ,44ひきのねこ|よんじゅうようん(ひ|び|ぴ)きのねこ,,,ずいぶん沢山の猫だね？,,,,series_44neko,1,0,Normal,,,Random,,0,0,false,,10,false,,
2373,44匹のねこ,44ひきのねこ|よんじゅうようん(ひ|び|ぴ)きのねこ,,,あ、44匹の猫っていう歌があるんだ！どんな歌なの？,,,,series_44neko,1,1,Normal,,,Random,,0,0,false,,10,false,,
2373,44匹のねこ,44ひきのねこ|よんじゅうようん(ひ|び|ぴ)きのねこ,,,野良猫たちが集まって、生活をより良くしようと話し合う歌？,,,,series_44neko,1,2,Normal,,,Random,,0,0,false,,10,false,,
2373,44匹のねこ,44ひきのねこ|よんじゅうようん(ひ|び|ぴ)きのねこ,,,外で暮らしてる猫たちって何食べてるんだろう……。,,,,series_44neko,1,3,Normal,,,Random,,0,0,false,,10,false,,
2373,44匹のねこ,44ひきのねこ|よんじゅうようん(ひ|び|ぴ)きのねこ,,,44匹のお腹が満たせるほどのネズミって、外にいるの？,,,,series_44neko,1,4,Normal,,,Random,,0,0,false,,10,false,,
2374,ゲベ,げべ,,,ゲベって何？,,,,series_gebe,1,0,Normal,,,Random,,0,0,false,,10,false,,
2374,ゲベ,げべ,,,漫画に出てくる猫なんだ！どんな猫なの？,,,,series_gebe,1,1,Normal,,,Random,,0,0,false,,10,false,,
2374,ゲベ,げべ,,,……なんでも？なんでもできるの？,,,,series_gebe,1,2,Normal,,,Random,,0,0,false,,10,false,,
2374,ゲベ,げべ,,,色んな事知ってる最強の猫……凄い猫なんだね！,,,,series_gebe,1,3,Normal,,,Random,,0,0,false,,10,false,,
2375,ケット・シー,けっとしー,,,ケット・シーって何？,,,,series_cait_sith,1,0,Normal,,,Random,,0,0,false,,10,false,,
2375,ケット・シー,けっとしー,,,猫の神様なんだ！とっても偉いんだね！,,,,series_cait_sith,1,1,Normal,,,Random,,0,0,false,,10,false,,
2375,ケット・シー,けっとしー,,,メガホンでみんなを応援してくれるの？応援すると強くなるんだ！,,,,series_cait_sith,1,2,Normal,,,Random,,0,0,false,,10,false,,
2375,ケット・シー,けっとしー,,,……{{PLAYER_CALLING}}、がんばれ！がんばれー！,,,,series_cait_sith,1,3,Normal,,,Random,,0,0,false,,10,false,,
2375,ケット・シー,けっとしー,,,どう？元気になった？,,,,series_cait_sith,1,4,Normal,,,Random,,0,0,false,,10,false,,
2376,グリマルキン,ぐりまるきん|ぐれいまるきん,,,グリマルキンって何？,,,,series_grimalkin,1,0,Normal,,,Random,,0,0,false,,10,false,,
2376,グリマルキン,ぐりまるきん|ぐれいまるきん,,,海外の、不思議な力を持つ猫のことなんだ。,,,,series_grimalkin,1,1,Normal,,,Random,,0,0,false,,10,false,,
2376,グリマルキン,ぐりまるきん|ぐれいまるきん,,,猫の王とか、魔女の使い魔とか、猫の魔神とか、猫の悪魔とか……悪魔？,,,,series_grimalkin,1,2,Normal,,,Random,,0,0,false,,10,false,,
2376,グリマルキン,ぐりまるきん|ぐれいまるきん,,,ねえ{{PLAYER_CALLING}}、悪魔ってみんな悪いやつなのかな？,,,,series_grimalkin,1,3,Normal,,,Random,,0,0,false,,10,false,,
2377,猫師匠,ねこししょう,,,猫師匠って何？,,,,series_neko_shisho,1,0,Normal,,,Random,,0,0,false,,10,false,,
2377,猫師匠,ねこししょう,,,……グリマルキンの師匠？そのグリマルキンって誰なの？,,,,series_neko_shisho,1,1,Normal,,,Random,,0,0,false,,10,false,,
2377,猫師匠,ねこししょう,,,……いや、{{PLAYER_CALLING}}がよく分からないなら{{CAT_PRONOUN}}も分からないよ？猫師匠って言うくらいなら猫なんだよね？,,,,series_neko_shisho,1,2,Normal,,,Random,,0,0,false,,10,false,,
2377,猫師匠,ねこししょう,,,人のおじさんなの？ますます何なの？？,,,,series_neko_shisho,1,3,Normal,,,Random,,0,0,false,,10,false,,
