あいえき,ひわい
あいぶ,ひわい
あくめ,ひわい
あげまん,ひわい
あなにー,ひわい
あなる,ひわい
あぬす,ひわい
いちもつ,ひわい
いらまちお,ひわい
いんげ,ひわい
いんのう,ひわい
いんぶ,ひわい
いんぽ,ひわい
えっち,ひわい
おしり,ひわい
おなにー,ひわい
おなぺっと,ひわい
おっぱい,ひわい
おなほーる,ひわい
おめこ,ひわい
かうぱー,ひわい
からだのかんけい,ひわい
きゅうあい,ひわい
きょこん,ひわい
きょじり,ひわい
きょにゅう,ひわい
きょにゅう,ひわい
きんたま,ひわい
くすこ,ひわい
くりとりす,ひわい
くりとりす,ひわい
くんに,ひわい
げい,ひわい
ごうかん,ひわい
こうはいい,ひわい
こうび,ひわい
こうもん,ひわい
こんどーむ,ひわい
ザーメン,ひわい
じーすぽっと,ひわい
しゃせい,ひわい
じゅうかん,ひわい
しゅっさん,ひわい
じゅにゅう,ひわい
しょじょ,ひわい
すかとろ,ひわい
すけべ,ひわい
せいえき,ひわい
せいじょうい,ひわい
せいしょり,ひわい
せっくす,ひわい
せっくす,ひわい
ぜっちょう,ひわい
せふれ,ひわい
せんずり,ひわい
そちん,ひわい
だいて,ひわい
だっちわいふ,ひわい
ちくび,ひわい
ちそこ,ひわい
ちそちそ,ひわい
ちんこ,ひわい
ちんちん,ひわい
ちんぽ,ひわい
でぃっく,ひわい
でかちち,ひわい
でかちん,ひわい
どうてい,ひわい
なかだし,ひわい
にゃんたま,ひわい
にゅうぼう,ひわい
ぬいてほしい,ひわい
ねとられ,ひわい
ねとり,ひわい
ばいあぐら,ひわい
ぱいずり,ひわい
はつじょう,ひわい
はつじょうき,ひわい
ぱぱかつ,ひわい
はめどり,ひわい
はらませ,ひわい
はらめ,ひわい
はんしょく,ひわい
びっち,ひわい
ひわい,ひわい
ふぁっく,ひわい
ふぇら,ひわい
ふたなり,ひわい
ぺにす,ひわい
ほうけい,ひわい
ぽこちん,ひわい
ほも,ひわい
ますたーべーしょん,ひわい
まそこ,ひわい
まんぐりがえし,ひわい
まんげ,ひわい
むらむら,ひわい
やじゅうせんぱい,ひわい
やりちん,ひわい
やりまん,ひわい
らぶどーる,ひわい
れいぷ,ひわい
ろりこん,ひわい
まんこ,ひわい
